method,frame,lpips,temporal_mse,tlpips_delta
Fine-tuned BasicVSR++,000/00000000,0.19357189536094666,,
Fine-tuned BasicVSR++,000/00000001,0.19176073372364044,0.00038634645170532167,0.18529872596263885
Fine-tuned BasicVSR++,000/00000002,0.19211429357528687,0.00039460649713873863,0.1859801560640335
Fine-tuned BasicVSR++,000/00000003,0.20267486572265625,0.00040758229442872107,0.1928921490907669
Fine-tuned BasicVSR++,000/00000004,0.20920799672603607,0.00041134870843961835,0.19908037781715393
Fine-tuned BasicVSR++,000/00000005,0.22524216771125793,0.00042075070086866617,0.21114502847194672
Fine-tuned BasicVSR++,000/00000006,0.21179935336112976,0.00040346255991607904,0.20876367390155792
Fine-tuned BasicVSR++,000/00000007,0.20933300256729126,0.0003912383981514722,0.2013184130191803
Fine-tuned BasicVSR++,000/00000008,0.20729012787342072,0.0004041465581394732,0.20391616225242615
Fine-tuned BasicVSR++,000/00000009,0.19687144458293915,0.0004037988546770066,0.19781304895877838
Fine-tuned BasicVSR++,000/00000010,0.1875917911529541,0.0004126068379264325,0.18754754960536957
Fine-tuned BasicVSR++,000/00000011,0.19399550557136536,0.0004177737282589078,0.1865895539522171
Fine-tuned BasicVSR++,000/00000012,0.20712777972221375,0.00042729289270937443,0.19633749127388
Fine-tuned BasicVSR++,000/00000013,0.2150442898273468,0.00043998833280056715,0.2048424929380417
Fine-tuned BasicVSR++,000/00000014,0.19515348970890045,0.00043482586625032127,0.19671563804149628
Fine-tuned BasicVSR++,000/00000015,0.19579283893108368,0.00040920349420048296,0.18319764733314514
Fine-tuned BasicVSR++,000/00000016,0.20185914635658264,0.00042131697409786284,0.19159291684627533
Fine-tuned BasicVSR++,000/00000017,0.2075216919183731,0.00044482090743258595,0.19940607249736786
Fine-tuned BasicVSR++,000/00000018,0.19885849952697754,0.00042764496174640954,0.1953187882900238
Fine-tuned BasicVSR++,000/00000019,0.20439353585243225,0.0004315050027798861,0.19465553760528564
Fine-tuned BasicVSR++,000/00000020,0.2226145714521408,0.0004326503840275109,0.20919594168663025
Fine-tuned BasicVSR++,000/00000021,0.23187780380249023,0.00044696463737636805,0.21836476027965546
Fine-tuned BasicVSR++,000/00000022,0.21450123190879822,0.0004489516722969711,0.21698696911334991
Fine-tuned BasicVSR++,000/00000023,0.21596062183380127,0.00044167740270495415,0.2125093638896942
Fine-tuned BasicVSR++,000/00000024,0.21082521975040436,0.0004549787554424256,0.20616371929645538
Fine-tuned BasicVSR++,000/00000025,0.2075587958097458,0.0004470381827559322,0.2017705887556076
Fine-tuned BasicVSR++,000/00000026,0.19482049345970154,0.00045341835357248783,0.19724950194358826
Fine-tuned BasicVSR++,000/00000027,0.1990968883037567,0.0004597134829964489,0.19553129374980927
Fine-tuned BasicVSR++,000/00000028,0.2042098045349121,0.0004480241914279759,0.20266148447990417
Fine-tuned BasicVSR++,000/00000029,0.20962829887866974,0.00044103313121013343,0.20486202836036682
Fine-tuned BasicVSR++,000/00000030,0.20028215646743774,0.00043192642624489963,0.1978190541267395
Fine-tuned BasicVSR++,000/00000031,0.19693507254123688,0.00041747005889192224,0.19711528718471527
Fine-tuned BasicVSR++,000/00000032,0.2015487551689148,0.00044274123501963913,0.19325998425483704
Fine-tuned BasicVSR++,000/00000033,0.20681066811084747,0.0004408511449582875,0.19800536334514618
Fine-tuned BasicVSR++,000/00000034,0.19911178946495056,0.00043905258644372225,0.19714733958244324
Fine-tuned BasicVSR++,000/00000035,0.19780652225017548,0.00043563847430050373,0.19314667582511902
Fine-tuned BasicVSR++,000/00000036,0.2012699842453003,0.00043789451592601836,0.19554510712623596
Fine-tuned BasicVSR++,000/00000037,0.21303528547286987,0.000437147100456059,0.19939592480659485
Fine-tuned BasicVSR++,000/00000038,0.19484330713748932,0.00043269130401313305,0.194524347782135
Fine-tuned BasicVSR++,000/00000039,0.18723846971988678,0.0004104937834199518,0.18547822535037994
Fine-tuned BasicVSR++,000/00000040,0.18834127485752106,0.0004148671869188547,0.18762464821338654
Fine-tuned BasicVSR++,000/00000041,0.19241197407245636,0.00042649064562283456,0.17930500209331512
Fine-tuned BasicVSR++,000/00000042,0.18570829927921295,0.0004127688880544156,0.18593540787696838
Fine-tuned BasicVSR++,000/00000043,0.19312508404254913,0.0003944620257243514,0.18274937570095062
Fine-tuned BasicVSR++,000/00000044,0.19801926612854004,0.0003954089479520917,0.1857079118490219
Fine-tuned BasicVSR++,000/00000045,0.20450714230537415,0.00040573178557679057,0.19716355204582214
Fine-tuned BasicVSR++,000/00000046,0.2007824182510376,0.00040050558163784444,0.19828516244888306
Fine-tuned BasicVSR++,000/00000047,0.20508135855197906,0.00039662158815190196,0.19677482545375824
Fine-tuned BasicVSR++,000/00000048,0.20281895995140076,0.00041087076533585787,0.19896148145198822
Fine-tuned BasicVSR++,000/00000049,0.20626841485500336,0.0004302096785977483,0.20375390350818634
Fine-tuned BasicVSR++,000/00000050,0.19271619617938995,0.00043820790597237647,0.19733257591724396
Fine-tuned BasicVSR++,000/00000051,0.1865309774875641,0.0004348743532318622,0.1936180293560028
Fine-tuned BasicVSR++,000/00000052,0.18116527795791626,0.00043732995982281864,0.19028176367282867
Fine-tuned BasicVSR++,000/00000053,0.18232470750808716,0.00045742467045783997,0.18567489087581635
Fine-tuned BasicVSR++,000/00000054,0.17875133454799652,0.00045822327956557274,0.17384915053844452
Fine-tuned BasicVSR++,000/00000055,0.1829615831375122,0.00044052061275579035,0.17803174257278442
Fine-tuned BasicVSR++,000/00000056,0.18850082159042358,0.0004312841047067195,0.1853254735469818
Fine-tuned BasicVSR++,000/00000057,0.19348041713237762,0.00044118938967585564,0.19059666991233826
Fine-tuned BasicVSR++,000/00000058,0.18619312345981598,0.0004300556320231408,0.186928391456604
Fine-tuned BasicVSR++,000/00000059,0.19174033403396606,0.0004213887150399387,0.18946194648742676
Fine-tuned BasicVSR++,000/00000060,0.19227877259254456,0.0004345947818364948,0.1844903528690338
Fine-tuned BasicVSR++,000/00000061,0.1942422240972519,0.00045014769420959055,0.18694981932640076
Fine-tuned BasicVSR++,000/00000062,0.19570624828338623,0.00045760584180243313,0.18372902274131775
Fine-tuned BasicVSR++,000/00000063,0.1918487548828125,0.00044999123201705515,0.18784448504447937
Fine-tuned BasicVSR++,000/00000064,0.18295013904571533,0.00043845747131854296,0.1849678009748459
Fine-tuned BasicVSR++,000/00000065,0.1905621737241745,0.00043814812670461833,0.18385179340839386
Fine-tuned BasicVSR++,000/00000066,0.1916980892419815,0.0004303721070755273,0.18016335368156433
Fine-tuned BasicVSR++,000/00000067,0.19478319585323334,0.0004189432947896421,0.18200519680976868
Fine-tuned BasicVSR++,000/00000068,0.20602789521217346,0.00042848667362704873,0.19513031840324402
Fine-tuned BasicVSR++,000/00000069,0.21698471903800964,0.00044246320612728596,0.20173370838165283
Fine-tuned BasicVSR++,000/00000070,0.20804494619369507,0.0004389530513435602,0.20198428630828857
Fine-tuned BasicVSR++,000/00000071,0.21036839485168457,0.0004339790320955217,0.19538767635822296
Fine-tuned BasicVSR++,000/00000072,0.21828649938106537,0.00045375138870440423,0.20708301663398743
Fine-tuned BasicVSR++,000/00000073,0.22660265862941742,0.00046868500066921115,0.20987027883529663
Fine-tuned BasicVSR++,000/00000074,0.22089257836341858,0.0004605175054166466,0.21463699638843536
Fine-tuned BasicVSR++,000/00000075,0.22248327732086182,0.0004552382742986083,0.2128314971923828
Fine-tuned BasicVSR++,000/00000076,0.21470291912555695,0.0004712189547717571,0.21330131590366364
Fine-tuned BasicVSR++,000/00000077,0.21167734265327454,0.00047944943071343005,0.20828716456890106
Fine-tuned BasicVSR++,000/00000078,0.19948852062225342,0.00047367316437885165,0.2036689817905426
Fine-tuned BasicVSR++,000/00000079,0.19147121906280518,0.00046635628677904606,0.19863839447498322
Fine-tuned BasicVSR++,000/00000080,0.19442808628082275,0.00048654424608685076,0.19321568310260773
Fine-tuned BasicVSR++,000/00000081,0.1886492222547531,0.0004791626997757703,0.1924150586128235
Fine-tuned BasicVSR++,000/00000082,0.1783718317747116,0.0004874260339420289,0.1889476180076599
Fine-tuned BasicVSR++,000/00000083,0.1822507530450821,0.00048232899280264974,0.18939347565174103
Fine-tuned BasicVSR++,000/00000084,0.1942700892686844,0.000500822439789772,0.1955672800540924
Fine-tuned BasicVSR++,000/00000085,0.200540691614151,0.0005417799693532288,0.1935996264219284
Fine-tuned BasicVSR++,000/00000086,0.20824524760246277,0.0005721545894630253,0.20531338453292847
Fine-tuned BasicVSR++,000/00000087,0.21004131436347961,0.0005879069794900715,0.1986280083656311
Fine-tuned BasicVSR++,000/00000088,0.19700461626052856,0.0005802794476039708,0.19599418342113495
Fine-tuned BasicVSR++,000/00000089,0.19755840301513672,0.0005932076601311564,0.19480501115322113
Fine-tuned BasicVSR++,000/00000090,0.1696433573961258,0.0005704938666895032,0.17809602618217468
Fine-tuned BasicVSR++,000/00000091,0.16348767280578613,0.0004981073434464633,0.16216596961021423
Fine-tuned BasicVSR++,000/00000092,0.16696123778820038,0.00045765002141706645,0.1656181961297989
Fine-tuned BasicVSR++,000/00000093,0.17502671480178833,0.0004618223465513438,0.162798210978508
Fine-tuned BasicVSR++,000/00000094,0.1757279932498932,0.0004618662060238421,0.1654304414987564
Fine-tuned BasicVSR++,000/00000095,0.18584920465946198,0.0004598122905008495,0.17800858616828918
Fine-tuned BasicVSR++,000/00000096,0.19593317806720734,0.000446668011136353,0.19254474341869354
Fine-tuned BasicVSR++,000/00000097,0.19707317650318146,0.00045507148024626076,0.19169488549232483
Fine-tuned BasicVSR++,000/00000098,0.19532597064971924,0.00047050401917658746,0.20004451274871826
Fine-tuned BasicVSR++,000/00000099,0.20012220740318298,0.0004787204961758107,0.20171697437763214
Fine-tuned BasicVSR++,001/00000000,0.20683805644512177,0.0004690435598604381,0.2075539082288742
Fine-tuned BasicVSR++,001/00000001,0.2021455317735672,0.0004195967921987176,0.18792040646076202
Fine-tuned BasicVSR++,001/00000002,0.18978936970233917,0.00040895951678976417,0.17816171050071716
Fine-tuned BasicVSR++,001/00000003,0.19086235761642456,0.0004373880219645798,0.17302770912647247
Fine-tuned BasicVSR++,001/00000004,0.2065911442041397,0.0004385303473100066,0.17725104093551636
Fine-tuned BasicVSR++,001/00000005,0.21036165952682495,0.0004557840002235025,0.19638590514659882
Fine-tuned BasicVSR++,001/00000006,0.1770387440919876,0.0004294406098779291,0.1770225465297699
Fine-tuned BasicVSR++,001/00000007,0.17894379794597626,0.0003768032474908978,0.1631644368171692
Fine-tuned BasicVSR++,001/00000008,0.1789805144071579,0.00042899689287878573,0.15575730800628662
Fine-tuned BasicVSR++,001/00000009,0.17753414809703827,0.00043667206773534417,0.16356652975082397
Fine-tuned BasicVSR++,001/00000010,0.17213544249534607,0.00040153582813218236,0.15623000264167786
Fine-tuned BasicVSR++,001/00000011,0.16968084871768951,0.00042846312862820923,0.1475478708744049
Fine-tuned BasicVSR++,001/00000012,0.17138925194740295,0.00043555922457017004,0.15355820953845978
Fine-tuned BasicVSR++,001/00000013,0.17697185277938843,0.00040888882358558476,0.1642945557832718
Fine-tuned BasicVSR++,001/00000014,0.1839708536863327,0.0004248262266628444,0.1601215898990631
Fine-tuned BasicVSR++,001/00000015,0.18338899314403534,0.00036783196264877915,0.17003002762794495
Fine-tuned BasicVSR++,001/00000016,0.17796590924263,0.0003981230838689953,0.16458123922348022
Fine-tuned BasicVSR++,001/00000017,0.1802487075328827,0.000402466714149341,0.1644405722618103
Fine-tuned BasicVSR++,001/00000018,0.1778784841299057,0.00038396933814510703,0.15806621313095093
Fine-tuned BasicVSR++,001/00000019,0.17392155528068542,0.00038285492337308824,0.16410599648952484
Fine-tuned BasicVSR++,001/00000020,0.16713710129261017,0.0004103496321476996,0.15491297841072083
Fine-tuned BasicVSR++,001/00000021,0.16686631739139557,0.0004163562261965126,0.1514700949192047
Fine-tuned BasicVSR++,001/00000022,0.16165511310100555,0.00040938518941402435,0.1573035717010498
Fine-tuned BasicVSR++,001/00000023,0.16889548301696777,0.00039733375888317823,0.15331272780895233
Fine-tuned BasicVSR++,001/00000024,0.16655850410461426,0.0003862413577735424,0.15356068313121796
Fine-tuned BasicVSR++,001/00000025,0.17632097005844116,0.00042987323831766844,0.15614034235477448
Fine-tuned BasicVSR++,001/00000026,0.18813766539096832,0.00040934188291430473,0.1679372936487198
Fine-tuned BasicVSR++,001/00000027,0.1898760199546814,0.0004108233842998743,0.1699502319097519
Fine-tuned BasicVSR++,001/00000028,0.17443084716796875,0.00041665532626211643,0.16731983423233032
Fine-tuned BasicVSR++,001/00000029,0.16057270765304565,0.00039132506935857236,0.1525452733039856
Fine-tuned BasicVSR++,001/00000030,0.16272640228271484,0.0003887161146849394,0.1498878449201584
Fine-tuned BasicVSR++,001/00000031,0.1595141589641571,0.000406740844482556,0.14325165748596191
Fine-tuned BasicVSR++,001/00000032,0.16418585181236267,0.00039085643948055804,0.1470385491847992
Fine-tuned BasicVSR++,001/00000033,0.16667528450489044,0.0004934341995976865,0.17289526760578156
Fine-tuned BasicVSR++,001/00000034,0.16094344854354858,0.00041202647844329476,0.14758357405662537
Fine-tuned BasicVSR++,001/00000035,0.1694594770669937,0.0004096986085642129,0.15164977312088013
Fine-tuned BasicVSR++,001/00000036,0.1651170253753662,0.00039004095015116036,0.14774613082408905
Fine-tuned BasicVSR++,001/00000037,0.16148144006729126,0.0004153730988036841,0.14936892688274384
Fine-tuned BasicVSR++,001/00000038,0.1574631929397583,0.00042062628199346364,0.1473139077425003
Fine-tuned BasicVSR++,001/00000039,0.15850383043289185,0.00044900854118168354,0.1482757329940796
Fine-tuned BasicVSR++,001/00000040,0.1650490164756775,0.00042699382174760103,0.1499737948179245
Fine-tuned BasicVSR++,001/00000041,0.164744570851326,0.0003954099665861577,0.15692485868930817
Fine-tuned BasicVSR++,001/00000042,0.1562614142894745,0.00040551723213866353,0.1494094729423523
Fine-tuned BasicVSR++,001/00000043,0.16696633398532867,0.000399180396925658,0.1543000340461731
Fine-tuned BasicVSR++,001/00000044,0.18004149198532104,0.0004042364889755845,0.15900355577468872
Fine-tuned BasicVSR++,001/00000045,0.1855837106704712,0.0004282845475245267,0.16634345054626465
Fine-tuned BasicVSR++,001/00000046,0.16529428958892822,0.0004241252026986331,0.16024157404899597
Fine-tuned BasicVSR++,001/00000047,0.15990950167179108,0.00041810458060353994,0.14909183979034424
Fine-tuned BasicVSR++,001/00000048,0.15948399901390076,0.0004370366223156452,0.15092119574546814
Fine-tuned BasicVSR++,001/00000049,0.16436153650283813,0.0004368965746834874,0.14790356159210205
Fine-tuned BasicVSR++,001/00000050,0.16102896630764008,0.00042410072637721896,0.14314883947372437
Fine-tuned BasicVSR++,001/00000051,0.16023525595664978,0.0003970491816289723,0.14309030771255493
Fine-tuned BasicVSR++,001/00000052,0.16436420381069183,0.00044205717858858407,0.14694572985172272
Fine-tuned BasicVSR++,001/00000053,0.16595855355262756,0.00039495498640462756,0.15301162004470825
Fine-tuned BasicVSR++,001/00000054,0.16455325484275818,0.0004401079786475748,0.1461450606584549
Fine-tuned BasicVSR++,001/00000055,0.16098971664905548,0.0004255139792803675,0.1481209397315979
Fine-tuned BasicVSR++,001/00000056,0.1638721078634262,0.0004247418255545199,0.14168712496757507
Fine-tuned BasicVSR++,001/00000057,0.16909770667552948,0.0004188591556157917,0.15293817222118378
Fine-tuned BasicVSR++,001/00000058,0.1671869307756424,0.000423962133936584,0.15597693622112274
Fine-tuned BasicVSR++,001/00000059,0.16424602270126343,0.00043349884799681604,0.15349915623664856
Fine-tuned BasicVSR++,001/00000060,0.16940367221832275,0.000447202124632895,0.15249958634376526
Fine-tuned BasicVSR++,001/00000061,0.16986238956451416,0.00042559998109936714,0.1540270447731018
Fine-tuned BasicVSR++,001/00000062,0.17053157091140747,0.0004301955923438072,0.15364916622638702
Fine-tuned BasicVSR++,001/00000063,0.1676338165998459,0.00042434807983227074,0.15711836516857147
Fine-tuned BasicVSR++,001/00000064,0.16469253599643707,0.00042534148087725043,0.15673419833183289
Fine-tuned BasicVSR++,001/00000065,0.16610968112945557,0.0003300141543149948,0.17582881450653076
Fine-tuned BasicVSR++,001/00000066,0.15748468041419983,0.0003775152435991913,0.14580097794532776
Fine-tuned BasicVSR++,001/00000067,0.16354452073574066,0.0004248729383107275,0.1465682089328766
Fine-tuned BasicVSR++,001/00000068,0.16856694221496582,0.0004399856261443347,0.16517861187458038
Fine-tuned BasicVSR++,001/00000069,0.1679401695728302,0.0003966262156609446,0.15596090257167816
Fine-tuned BasicVSR++,001/00000070,0.17621508240699768,0.0004187466111034155,0.164393350481987
Fine-tuned BasicVSR++,001/00000071,0.1836034655570984,0.0004400077450554818,0.16439735889434814
Fine-tuned BasicVSR++,001/00000072,0.16637802124023438,0.0004190024919807911,0.1598774939775467
Fine-tuned BasicVSR++,001/00000073,0.1635955423116684,0.0004057249170728028,0.14892777800559998
Fine-tuned BasicVSR++,001/00000074,0.1607135832309723,0.00044368187082000077,0.1489696502685547
Fine-tuned BasicVSR++,001/00000075,0.16266140341758728,0.0004352958931121975,0.15046805143356323
Fine-tuned BasicVSR++,001/00000076,0.16274115443229675,0.0004242841969244182,0.15230005979537964
Fine-tuned BasicVSR++,001/00000077,0.16875410079956055,0.0004350007511675358,0.15208128094673157
Fine-tuned BasicVSR++,001/00000078,0.16775062680244446,0.0004134886257816106,0.14991185069084167
Fine-tuned BasicVSR++,001/00000079,0.17632900178432465,0.0003925306664314121,0.15411727130413055
Fine-tuned BasicVSR++,001/00000080,0.18522070348262787,0.0004016573657281697,0.1649819016456604
Fine-tuned BasicVSR++,001/00000081,0.17896020412445068,0.0004296748375054449,0.16879688203334808
Fine-tuned BasicVSR++,001/00000082,0.17091472446918488,0.00040930058457888663,0.15666718780994415
Fine-tuned BasicVSR++,001/00000083,0.1749405413866043,0.00039030530024319887,0.15858513116836548
Fine-tuned BasicVSR++,001/00000084,0.17812463641166687,0.0004005188529845327,0.16082167625427246
Fine-tuned BasicVSR++,001/00000085,0.17990130186080933,0.00044891692232340574,0.16327817738056183
Fine-tuned BasicVSR++,001/00000086,0.17192797362804413,0.0003997773164883256,0.16153481602668762
Fine-tuned BasicVSR++,001/00000087,0.17123866081237793,0.0004113317409064621,0.15086190402507782
Fine-tuned BasicVSR++,001/00000088,0.17342723906040192,0.0004049168201163411,0.15738682448863983
Fine-tuned BasicVSR++,001/00000089,0.17667150497436523,0.00038388234679587185,0.1603527069091797
Fine-tuned BasicVSR++,001/00000090,0.17086538672447205,0.0004142413381487131,0.15464171767234802
Fine-tuned BasicVSR++,001/00000091,0.1697780340909958,0.0004355805867817253,0.15394295752048492
Fine-tuned BasicVSR++,001/00000092,0.1745864450931549,0.00045543379383161664,0.16033414006233215
Fine-tuned BasicVSR++,001/00000093,0.18249362707138062,0.0004368451773189008,0.162870392203331
Fine-tuned BasicVSR++,001/00000094,0.18218949437141418,0.0004148232110310346,0.1593661904335022
Fine-tuned BasicVSR++,001/00000095,0.17991270124912262,0.00039733140147291124,0.1653836965560913
Fine-tuned BasicVSR++,001/00000096,0.18484900891780853,0.00039879846735857427,0.1700078547000885
Fine-tuned BasicVSR++,001/00000097,0.20026403665542603,0.0003856506082229316,0.17643499374389648
Fine-tuned BasicVSR++,001/00000098,0.19675984978675842,0.00037679116940125823,0.1816653460264206
Fine-tuned BasicVSR++,001/00000099,0.18608945608139038,0.0004073883465025574,0.17158275842666626
Fine-tuned BasicVSR++,002/00000000,0.10667845606803894,0.00038017096812836826,0.14885056018829346
Fine-tuned BasicVSR++,002/00000001,0.11586418002843857,0.0003379007976036519,0.10501601547002792
Fine-tuned BasicVSR++,002/00000002,0.10407423228025436,0.00026961276307702065,0.09779252856969833
Fine-tuned BasicVSR++,002/00000003,0.12235187739133835,0.0002286407252540812,0.10050206631422043
Fine-tuned BasicVSR++,002/00000004,0.1186729371547699,0.00025114594609476626,0.10832212120294571
Fine-tuned BasicVSR++,002/00000005,0.10751687735319138,0.0002441902761347592,0.10014644265174866
Fine-tuned BasicVSR++,002/00000006,0.10193829238414764,0.00023833723389543593,0.09502909332513809
Fine-tuned BasicVSR++,002/00000007,0.08952639997005463,0.0002274000580655411,0.08609265834093094
Fine-tuned BasicVSR++,002/00000008,0.09432148933410645,0.00023411697475239635,0.08360099047422409
Fine-tuned BasicVSR++,002/00000009,0.09901438653469086,0.00026651969528757036,0.09136548638343811
Fine-tuned BasicVSR++,002/00000010,0.09127110987901688,0.00027418119134381413,0.08322501182556152
Fine-tuned BasicVSR++,002/00000011,0.08623885363340378,0.0002526713360566646,0.08381948620080948
Fine-tuned BasicVSR++,002/00000012,0.07200972735881805,0.000253306730883196,0.07824438065290451
Fine-tuned BasicVSR++,002/00000013,0.0849868655204773,0.00026326082297600806,0.07689283788204193
Fine-tuned BasicVSR++,002/00000014,0.08431918174028397,0.00026873344904743135,0.08254694938659668
Fine-tuned BasicVSR++,002/00000015,0.08487454056739807,0.0002788774436339736,0.08239902555942535
Fine-tuned BasicVSR++,002/00000016,0.09176595509052277,0.0002889935567509383,0.08777052164077759
Fine-tuned BasicVSR++,002/00000017,0.09241834282875061,0.0002987076295539737,0.08853389322757721
Fine-tuned BasicVSR++,002/00000018,0.07709486782550812,0.0002747737162280828,0.08083778619766235
Fine-tuned BasicVSR++,002/00000019,0.08790262043476105,0.00026109948521479964,0.07970605045557022
Fine-tuned BasicVSR++,002/00000020,0.08460455387830734,0.0002696121227927506,0.07997304201126099
Fine-tuned BasicVSR++,002/00000021,0.08829687535762787,0.00026729368255473673,0.08257973194122314
Fine-tuned BasicVSR++,002/00000022,0.08688946068286896,0.00027243589283898473,0.07519425451755524
Fine-tuned BasicVSR++,002/00000023,0.08978834748268127,0.0002643086190801114,0.07943062484264374
Fine-tuned BasicVSR++,002/00000024,0.08236134052276611,0.0002557878033258021,0.07769788056612015
Fine-tuned BasicVSR++,002/00000025,0.08820123970508575,0.0002687350788619369,0.08077818900346756
Fine-tuned BasicVSR++,002/00000026,0.08104874193668365,0.00024280037905555218,0.07609757035970688
Fine-tuned BasicVSR++,002/00000027,0.08755943179130554,0.00022238130623009056,0.07432489842176437
Fine-tuned BasicVSR++,002/00000028,0.0849669873714447,0.00022721508867107332,0.07959267497062683
Fine-tuned BasicVSR++,002/00000029,0.08049788326025009,0.00022511898714583367,0.07426929473876953
Fine-tuned BasicVSR++,002/00000030,0.07270169258117676,0.00021169516548980027,0.06903126090765
Fine-tuned BasicVSR++,002/00000031,0.08249088376760483,0.0002105007297359407,0.06896302849054337
Fine-tuned BasicVSR++,002/00000032,0.08119530230760574,0.0002192421379731968,0.07574933767318726
Fine-tuned BasicVSR++,002/00000033,0.08337689936161041,0.00022198045917320997,0.07789377123117447
Fine-tuned BasicVSR++,002/00000034,0.08505219966173172,0.0002285643422510475,0.07497269660234451
Fine-tuned BasicVSR++,002/00000035,0.08661208301782608,0.00023836696345824748,0.07446303218603134
Fine-tuned BasicVSR++,002/00000036,0.08302441239356995,0.00022588072170037776,0.0771288052201271
Fine-tuned BasicVSR++,002/00000037,0.07498251646757126,0.00019881680782418698,0.07031650841236115
Fine-tuned BasicVSR++,002/00000038,0.08357498049736023,0.00019772330415435135,0.07021111994981766
Fine-tuned BasicVSR++,002/00000039,0.074862040579319,0.0002043043205048889,0.07099496573209763
Fine-tuned BasicVSR++,002/00000040,0.06270325928926468,0.00018538364383857697,0.061285000294446945
Fine-tuned BasicVSR++,002/00000041,0.07710414379835129,0.0002031518961302936,0.06607779860496521
Fine-tuned BasicVSR++,002/00000042,0.06908804923295975,0.00020189202041365206,0.06768259406089783
Fine-tuned BasicVSR++,002/00000043,0.07301974296569824,0.00018942505994345993,0.06536264717578888
Fine-tuned BasicVSR++,002/00000044,0.07103531062602997,0.00019847399380523711,0.0653783529996872
Fine-tuned BasicVSR++,002/00000045,0.07044969499111176,0.00020317797316238284,0.06385298818349838
Fine-tuned BasicVSR++,002/00000046,0.06980001926422119,0.00021699386707041413,0.06283685564994812
Fine-tuned BasicVSR++,002/00000047,0.07550318539142609,0.00022422843903768808,0.06360095739364624
Fine-tuned BasicVSR++,002/00000048,0.06906478852033615,0.00022595564951188862,0.06674915552139282
Fine-tuned BasicVSR++,002/00000049,0.07752440869808197,0.00022746474132873118,0.068366140127182
Fine-tuned BasicVSR++,002/00000050,0.08318201452493668,0.0002380182995693758,0.07197125256061554
Fine-tuned BasicVSR++,002/00000051,0.08599530905485153,0.00023058013175614178,0.07727321982383728
Fine-tuned BasicVSR++,002/00000052,0.10882290452718735,0.0002462071424815804,0.0858302116394043
Fine-tuned BasicVSR++,002/00000053,0.09818217158317566,0.00023676210548728704,0.09048253297805786
Fine-tuned BasicVSR++,002/00000054,0.08298961818218231,0.00021443220612127334,0.07932262867689133
Fine-tuned BasicVSR++,002/00000055,0.08517973870038986,0.0002113847149303183,0.07434169948101044
Fine-tuned BasicVSR++,002/00000056,0.08417220413684845,0.00021023250883445144,0.0757450982928276
Fine-tuned BasicVSR++,002/00000057,0.08625513315200806,0.0002190566447097808,0.07801926136016846
Fine-tuned BasicVSR++,002/00000058,0.0757686048746109,0.00021326127171050757,0.07414689660072327
Fine-tuned BasicVSR++,002/00000059,0.0801720917224884,0.00022422720212489367,0.06941336393356323
Fine-tuned BasicVSR++,002/00000060,0.07571643590927124,0.0002359607897233218,0.07283202558755875
Fine-tuned BasicVSR++,002/00000061,0.0790623351931572,0.00023419654462486506,0.07198722660541534
Fine-tuned BasicVSR++,002/00000062,0.07082486897706985,0.000221205860725604,0.07182366400957108
Fine-tuned BasicVSR++,002/00000063,0.0838339701294899,0.00022851934772916138,0.06947122514247894
Fine-tuned BasicVSR++,002/00000064,0.08047716319561005,0.00024092501553241163,0.07489971816539764
Fine-tuned BasicVSR++,002/00000065,0.07586974650621414,0.00023020202934276313,0.07428019493818283
Fine-tuned BasicVSR++,002/00000066,0.07204022258520126,0.00023869726283010095,0.0712285190820694
Fine-tuned BasicVSR++,002/00000067,0.07213173806667328,0.00022404754417948425,0.06705043464899063
Fine-tuned BasicVSR++,002/00000068,0.07517736405134201,0.00021645340893883258,0.0681384801864624
Fine-tuned BasicVSR++,002/00000069,0.08823853731155396,0.00023933420015964657,0.07397881150245667
Fine-tuned BasicVSR++,002/00000070,0.08426178991794586,0.00025841023307293653,0.0768679678440094
Fine-tuned BasicVSR++,002/00000071,0.08573012053966522,0.00026599879493005574,0.08099489659070969
Fine-tuned BasicVSR++,002/00000072,0.08356894552707672,0.00026695459382608533,0.07730706036090851
Fine-tuned BasicVSR++,002/00000073,0.08545343577861786,0.0002733893343247473,0.08333585411310196
Fine-tuned BasicVSR++,002/00000074,0.08951321244239807,0.00027523894095793366,0.08157571405172348
Fine-tuned BasicVSR++,002/00000075,0.0880349650979042,0.00027183396741747856,0.08750370889902115
Fine-tuned BasicVSR++,002/00000076,0.08763229846954346,0.00026214454555884004,0.08416074514389038
Fine-tuned BasicVSR++,002/00000077,0.09404181689023972,0.00026950796018354595,0.08836299180984497
Fine-tuned BasicVSR++,002/00000078,0.08669941127300262,0.0002718043397180736,0.08640316128730774
Fine-tuned BasicVSR++,002/00000079,0.09543049335479736,0.00027833975036628544,0.08661514520645142
Fine-tuned BasicVSR++,002/00000080,0.09522230178117752,0.00029431734583340585,0.09400363266468048
Fine-tuned BasicVSR++,002/00000081,0.0988910049200058,0.0002900462131947279,0.09794300049543381
Fine-tuned BasicVSR++,002/00000082,0.09986397624015808,0.00028694243519566953,0.09788486361503601
Fine-tuned BasicVSR++,002/00000083,0.10664564371109009,0.00030144010088406503,0.09794608503580093
Fine-tuned BasicVSR++,002/00000084,0.10110698640346527,0.00029652411467395723,0.10268761962652206
Fine-tuned BasicVSR++,002/00000085,0.09884516894817352,0.0002573403180576861,0.09697604924440384
Fine-tuned BasicVSR++,002/00000086,0.0820009857416153,0.0002135907270712778,0.0862557515501976
Fine-tuned BasicVSR++,002/00000087,0.09484823048114777,0.00022911260020919144,0.08340775966644287
Fine-tuned BasicVSR++,002/00000088,0.09170512855052948,0.00026175627135671675,0.09238891303539276
Fine-tuned BasicVSR++,002/00000089,0.10647819191217422,0.0002638724690768868,0.09747634828090668
Fine-tuned BasicVSR++,002/00000090,0.0942404568195343,0.0002705942315515131,0.0938405692577362
Fine-tuned BasicVSR++,002/00000091,0.09169407188892365,0.0002378601930104196,0.08584386855363846
Fine-tuned BasicVSR++,002/00000092,0.09321284294128418,0.00021653446310665458,0.0859571099281311
Fine-tuned BasicVSR++,002/00000093,0.09427595883607864,0.00022947313846088946,0.08889701962471008
Fine-tuned BasicVSR++,002/00000094,0.09537328779697418,0.00024565026978962123,0.0900072529911995
Fine-tuned BasicVSR++,002/00000095,0.10051793605089188,0.00026388096739538014,0.0919349193572998
Fine-tuned BasicVSR++,002/00000096,0.09036849439144135,0.00026366522070020437,0.0866684690117836
Fine-tuned BasicVSR++,002/00000097,0.10592219233512878,0.0002720631891861558,0.09313100576400757
Fine-tuned BasicVSR++,002/00000098,0.10845071822404861,0.0002892416960094124,0.10160809010267258
Fine-tuned BasicVSR++,002/00000099,0.11378622055053711,0.00030882112332619727,0.10327297449111938
Fine-tuned Real-ESRGAN,000/00000000,0.3196316659450531,,
Fine-tuned Real-ESRGAN,000/00000001,0.3177683353424072,0.0008816759800538421,0.30269521474838257
Fine-tuned Real-ESRGAN,000/00000002,0.3199131488800049,0.0008524046861566603,0.310360848903656
Fine-tuned Real-ESRGAN,000/00000003,0.32896164059638977,0.0008544344455003738,0.3160502314567566
Fine-tuned Real-ESRGAN,000/00000004,0.3331332206726074,0.0008412661263719201,0.3176058530807495
Fine-tuned Real-ESRGAN,000/00000005,0.34630852937698364,0.0008521152194589376,0.3295232653617859
Fine-tuned Real-ESRGAN,000/00000006,0.336911678314209,0.0008472331101074815,0.32333239912986755
Fine-tuned Real-ESRGAN,000/00000007,0.3319782614707947,0.0008495858055539429,0.32325479388237
Fine-tuned Real-ESRGAN,000/00000008,0.32272428274154663,0.0008441504905931652,0.32035234570503235
Fine-tuned Real-ESRGAN,000/00000009,0.30822500586509705,0.0008577716071158648,0.3111827075481415
Fine-tuned Real-ESRGAN,000/00000010,0.3072933256626129,0.0008948520408011973,0.30737870931625366
Fine-tuned Real-ESRGAN,000/00000011,0.3155983090400696,0.0008944539586082101,0.298837810754776
Fine-tuned Real-ESRGAN,000/00000012,0.32292497158050537,0.0009166014497168362,0.3147546648979187
Fine-tuned Real-ESRGAN,000/00000013,0.32956933975219727,0.0009219323401339352,0.3148104250431061
Fine-tuned Real-ESRGAN,000/00000014,0.3267406225204468,0.0009462435846216977,0.3212955892086029
Fine-tuned Real-ESRGAN,000/00000015,0.3264561593532562,0.0009244572720490396,0.29916420578956604
Fine-tuned Real-ESRGAN,000/00000016,0.3289864659309387,0.0009601665660738945,0.3130890429019928
Fine-tuned Real-ESRGAN,000/00000017,0.333434134721756,0.0009581726626493037,0.3244750499725342
Fine-tuned Real-ESRGAN,000/00000018,0.3367968499660492,0.000948880857322365,0.3286269009113312
Fine-tuned Real-ESRGAN,000/00000019,0.3436832129955292,0.0009558894671499729,0.3278484642505646
Fine-tuned Real-ESRGAN,000/00000020,0.35951170325279236,0.0009727561846375465,0.3452676236629486
Fine-tuned Real-ESRGAN,000/00000021,0.36715802550315857,0.0009328965679742396,0.35289573669433594
Fine-tuned Real-ESRGAN,000/00000022,0.3588252365589142,0.0009232056327164173,0.3555217385292053
Fine-tuned Real-ESRGAN,000/00000023,0.35366547107696533,0.0009191359276883304,0.35342490673065186
Fine-tuned Real-ESRGAN,000/00000024,0.3453201651573181,0.000972880283370614,0.3436623215675354
Fine-tuned Real-ESRGAN,000/00000025,0.33381205797195435,0.0009730614256113768,0.33918601274490356
Fine-tuned Real-ESRGAN,000/00000026,0.3327379524707794,0.0010097594931721687,0.3333504796028137
Fine-tuned Real-ESRGAN,000/00000027,0.33560243248939514,0.0010283311130478978,0.32434195280075073
Fine-tuned Real-ESRGAN,000/00000028,0.34130215644836426,0.0010157821234315634,0.339047372341156
Fine-tuned Real-ESRGAN,000/00000029,0.3415413200855255,0.0010224783327430487,0.3332211971282959
Fine-tuned Real-ESRGAN,000/00000030,0.3419508934020996,0.001004458637908101,0.333041787147522
Fine-tuned Real-ESRGAN,000/00000031,0.33654963970184326,0.0010257994290441275,0.33543169498443604
Fine-tuned Real-ESRGAN,000/00000032,0.3380119502544403,0.0009498668368905783,0.326981782913208
Fine-tuned Real-ESRGAN,000/00000033,0.3380265235900879,0.0009697187342680991,0.3313949704170227
Fine-tuned Real-ESRGAN,000/00000034,0.33778253197669983,0.001041125738993287,0.3325912356376648
Fine-tuned Real-ESRGAN,000/00000035,0.33565419912338257,0.001048020669259131,0.3280261754989624
Fine-tuned Real-ESRGAN,000/00000036,0.3380855917930603,0.0010293441591784358,0.3308824896812439
Fine-tuned Real-ESRGAN,000/00000037,0.34383684396743774,0.0009961355244740844,0.3329237997531891
Fine-tuned Real-ESRGAN,000/00000038,0.333732932806015,0.0009869944769889116,0.3332897424697876
Fine-tuned Real-ESRGAN,000/00000039,0.3243129551410675,0.0009753861231729388,0.3257021903991699
Fine-tuned Real-ESRGAN,000/00000040,0.32248279452323914,0.0009165489464066923,0.325981080532074
Fine-tuned Real-ESRGAN,000/00000041,0.3259052634239197,0.000944893283303827,0.3046574592590332
Fine-tuned Real-ESRGAN,000/00000042,0.32484209537506104,0.0009508018265478313,0.33112025260925293
Fine-tuned Real-ESRGAN,000/00000043,0.33246955275535583,0.0009367896127514541,0.32709819078445435
Fine-tuned Real-ESRGAN,000/00000044,0.34079843759536743,0.0009112453553825617,0.3318738639354706
Fine-tuned Real-ESRGAN,000/00000045,0.34061840176582336,0.0008680270402692258,0.33512189984321594
Fine-tuned Real-ESRGAN,000/00000046,0.34099775552749634,0.000873784301802516,0.34299027919769287
Fine-tuned Real-ESRGAN,000/00000047,0.341776043176651,0.0008431982132606208,0.33149856328964233
Fine-tuned Real-ESRGAN,000/00000048,0.334830105304718,0.0008780717616900802,0.3361210525035858
Fine-tuned Real-ESRGAN,000/00000049,0.3357767164707184,0.0009238269412890077,0.33625590801239014
Fine-tuned Real-ESRGAN,000/00000050,0.3291015326976776,0.0009228353155776858,0.34055429697036743
Fine-tuned Real-ESRGAN,000/00000051,0.3158431351184845,0.0009596130694262683,0.32996049523353577
Fine-tuned Real-ESRGAN,000/00000052,0.30839741230010986,0.0009727561846375465,0.3280521333217621
Fine-tuned Real-ESRGAN,000/00000053,0.30768096446990967,0.00101150490809232,0.31522443890571594
Fine-tuned Real-ESRGAN,000/00000054,0.30870571732521057,0.0010507646948099136,0.3010987341403961
Fine-tuned Real-ESRGAN,000/00000055,0.3097362518310547,0.0009988299570977688,0.31076693534851074
Fine-tuned Real-ESRGAN,000/00000056,0.31186169385910034,0.0009543808992020786,0.3193023204803467
Fine-tuned Real-ESRGAN,000/00000057,0.31234320998191833,0.0009372967178933322,0.31271037459373474
Fine-tuned Real-ESRGAN,000/00000058,0.3069627583026886,0.000920213176868856,0.3152279555797577
Fine-tuned Real-ESRGAN,000/00000059,0.3099280595779419,0.0009049744112417102,0.3115600049495697
Fine-tuned Real-ESRGAN,000/00000060,0.3065837025642395,0.0009167696116492152,0.30275288224220276
Fine-tuned Real-ESRGAN,000/00000061,0.3023349940776825,0.0009468228090554476,0.2989138960838318
Fine-tuned Real-ESRGAN,000/00000062,0.3016880452632904,0.0009421195136383176,0.29322290420532227
Fine-tuned Real-ESRGAN,000/00000063,0.29227668046951294,0.0009124724310822785,0.2984953820705414
Fine-tuned Real-ESRGAN,000/00000064,0.28469789028167725,0.0009018929558806121,0.2920573055744171
Fine-tuned Real-ESRGAN,000/00000065,0.29379093647003174,0.0008896929211914539,0.2906925678253174
Fine-tuned Real-ESRGAN,000/00000066,0.3080282509326935,0.0008773934096097946,0.288696825504303
Fine-tuned Real-ESRGAN,000/00000067,0.3119325637817383,0.0009080758900381625,0.2972761392593384
Fine-tuned Real-ESRGAN,000/00000068,0.322426974773407,0.0008946743910200894,0.31729117035865784
Fine-tuned Real-ESRGAN,000/00000069,0.3339281380176544,0.000893009768333286,0.3263434171676636
Fine-tuned Real-ESRGAN,000/00000070,0.3327087461948395,0.0008996680844575167,0.32423660159111023
Fine-tuned Real-ESRGAN,000/00000071,0.3365422189235687,0.0009200202184729278,0.3221258819103241
Fine-tuned Real-ESRGAN,000/00000072,0.3449631929397583,0.0009383260039612651,0.33175384998321533
Fine-tuned Real-ESRGAN,000/00000073,0.3478778600692749,0.0009356625960208476,0.3336082696914673
Fine-tuned Real-ESRGAN,000/00000074,0.3506892919540405,0.0009138199966400862,0.3438775837421417
Fine-tuned Real-ESRGAN,000/00000075,0.35013842582702637,0.0009101665345951915,0.34164831042289734
Fine-tuned Real-ESRGAN,000/00000076,0.34053030610084534,0.0009398269467055798,0.3459022641181946
Fine-tuned Real-ESRGAN,000/00000077,0.3354666829109192,0.0009434052044525743,0.33850884437561035
Fine-tuned Real-ESRGAN,000/00000078,0.32755935192108154,0.0009584964718669653,0.3348753750324249
Fine-tuned Real-ESRGAN,000/00000079,0.3169995844364166,0.0009716256172396243,0.330267995595932
Fine-tuned Real-ESRGAN,000/00000080,0.31527647376060486,0.0009750980534590781,0.31612628698349
Fine-tuned Real-ESRGAN,000/00000081,0.2984272241592407,0.000942669459618628,0.3057292401790619
Fine-tuned Real-ESRGAN,000/00000082,0.2960909605026245,0.0010014163563027978,0.3123508095741272
Fine-tuned Real-ESRGAN,000/00000083,0.2968748211860657,0.001009937608614564,0.3123331367969513
Fine-tuned Real-ESRGAN,000/00000084,0.30974113941192627,0.001037799520418048,0.3174029588699341
Fine-tuned Real-ESRGAN,000/00000085,0.31341123580932617,0.0010797108989208937,0.3115123212337494
Fine-tuned Real-ESRGAN,000/00000086,0.32619035243988037,0.0011175258550792933,0.32951533794403076
Fine-tuned Real-ESRGAN,000/00000087,0.3233884572982788,0.001115892780944705,0.31886228919029236
Fine-tuned Real-ESRGAN,000/00000088,0.2946320176124573,0.0011071691988036036,0.30997854471206665
Fine-tuned Real-ESRGAN,000/00000089,0.27118390798568726,0.001057676156051457,0.29333043098449707
Fine-tuned Real-ESRGAN,000/00000090,0.26768431067466736,0.0010367982322350144,0.2793419361114502
Fine-tuned Real-ESRGAN,000/00000091,0.26719048619270325,0.0010115705663338304,0.27023985981941223
Fine-tuned Real-ESRGAN,000/00000092,0.2692158818244934,0.0009794634534046054,0.27734437584877014
Fine-tuned Real-ESRGAN,000/00000093,0.2729462683200836,0.0009703495888970792,0.2690946161746979
Fine-tuned Real-ESRGAN,000/00000094,0.27228742837905884,0.000937746197450906,0.2710046172142029
Fine-tuned Real-ESRGAN,000/00000095,0.2752842605113983,0.0009183620568364859,0.28216788172721863
Fine-tuned Real-ESRGAN,000/00000096,0.2908194363117218,0.0008768624975346029,0.29270631074905396
Fine-tuned Real-ESRGAN,000/00000097,0.2955645024776459,0.000891593808773905,0.2882263660430908
Fine-tuned Real-ESRGAN,000/00000098,0.2887466251850128,0.0009021101868711412,0.3009372055530548
Fine-tuned Real-ESRGAN,000/00000099,0.28581342101097107,0.0009044092730619013,0.29897528886795044
Fine-tuned Real-ESRGAN,001/00000000,0.3388935327529907,0.0009120890172198415,0.3308391571044922
Fine-tuned Real-ESRGAN,001/00000001,0.33977168798446655,0.0009895815746858716,0.3207215666770935
Fine-tuned Real-ESRGAN,001/00000002,0.3277328610420227,0.0008901348919607699,0.3199650049209595
Fine-tuned Real-ESRGAN,001/00000003,0.32949399948120117,0.0009607788524590433,0.30505621433258057
Fine-tuned Real-ESRGAN,001/00000004,0.32435348629951477,0.0009378172690048814,0.30768606066703796
Fine-tuned Real-ESRGAN,001/00000005,0.33500584959983826,0.0009276679484173656,0.3150206506252289
Fine-tuned Real-ESRGAN,001/00000006,0.3295424282550812,0.000875568191986531,0.31634700298309326
Fine-tuned Real-ESRGAN,001/00000007,0.329169899225235,0.000815296545624733,0.31312352418899536
Fine-tuned Real-ESRGAN,001/00000008,0.3251928389072418,0.0010159682715311646,0.2986215353012085
Fine-tuned Real-ESRGAN,001/00000009,0.3218238353729248,0.0010041632922366261,0.30286118388175964
Fine-tuned Real-ESRGAN,001/00000010,0.31767135858535767,0.000920977967325598,0.297513872385025
Fine-tuned Real-ESRGAN,001/00000011,0.3173750042915344,0.0010960367508232594,0.2817298173904419
Fine-tuned Real-ESRGAN,001/00000012,0.317151814699173,0.0008800983196124434,0.29867124557495117
Fine-tuned Real-ESRGAN,001/00000013,0.3213675022125244,0.0009442205773666501,0.3030525743961334
Fine-tuned Real-ESRGAN,001/00000014,0.32752200961112976,0.0009570702095516026,0.30241143703460693
Fine-tuned Real-ESRGAN,001/00000015,0.3293569087982178,0.0008749979315325618,0.31422919034957886
Fine-tuned Real-ESRGAN,001/00000016,0.32213935256004333,0.0009474799153394997,0.30811092257499695
Fine-tuned Real-ESRGAN,001/00000017,0.3268601894378662,0.0010893639409914613,0.3056848645210266
Fine-tuned Real-ESRGAN,001/00000018,0.32215067744255066,0.0009860929567366838,0.2973143756389618
Fine-tuned Real-ESRGAN,001/00000019,0.31715235114097595,0.0008774171001277864,0.3036262094974518
Fine-tuned Real-ESRGAN,001/00000020,0.305399626493454,0.0010260597337037325,0.29878491163253784
Fine-tuned Real-ESRGAN,001/00000021,0.3058270812034607,0.001019691932015121,0.2918030023574829
Fine-tuned Real-ESRGAN,001/00000022,0.30779093503952026,0.0009330492466688156,0.303737998008728
Fine-tuned Real-ESRGAN,001/00000023,0.312885046005249,0.0009948278311640024,0.2974807024002075
Fine-tuned Real-ESRGAN,001/00000024,0.31199049949645996,0.0009544305503368378,0.2922824025154114
Fine-tuned Real-ESRGAN,001/00000025,0.3181813955307007,0.001042132149450481,0.30067598819732666
Fine-tuned Real-ESRGAN,001/00000026,0.3227495551109314,0.0010415543802082539,0.31117215752601624
Fine-tuned Real-ESRGAN,001/00000027,0.32890161871910095,0.0010011005215346813,0.30851390957832336
Fine-tuned Real-ESRGAN,001/00000028,0.3095610737800598,0.00099454284645617,0.3056967258453369
Fine-tuned Real-ESRGAN,001/00000029,0.2890107333660126,0.0009393923101015389,0.28869307041168213
Fine-tuned Real-ESRGAN,001/00000030,0.29661232233047485,0.0009945872006937861,0.28649258613586426
Fine-tuned Real-ESRGAN,001/00000031,0.29050350189208984,0.000984527519904077,0.28261038661003113
Fine-tuned Real-ESRGAN,001/00000032,0.30048254132270813,0.0009491727687418461,0.2802700400352478
Fine-tuned Real-ESRGAN,001/00000033,0.3019513487815857,0.0009911209344863892,0.33382660150527954
Fine-tuned Real-ESRGAN,001/00000034,0.30246078968048096,0.0009808024624362588,0.29255709052085876
Fine-tuned Real-ESRGAN,001/00000035,0.3126574754714966,0.0009273912291973829,0.29596179723739624
Fine-tuned Real-ESRGAN,001/00000036,0.3111448287963867,0.0009098334703594446,0.2801712453365326
Fine-tuned Real-ESRGAN,001/00000037,0.29980069398880005,0.0009650078718550503,0.29549741744995117
Fine-tuned Real-ESRGAN,001/00000038,0.2983274757862091,0.0009562047198414803,0.2920739948749542
Fine-tuned Real-ESRGAN,001/00000039,0.2989189624786377,0.0009856810793280602,0.2848392724990845
Fine-tuned Real-ESRGAN,001/00000040,0.3083547353744507,0.0009960307506844401,0.2865619361400604
Fine-tuned Real-ESRGAN,001/00000041,0.3085978925228119,0.0009022995363920927,0.2923479676246643
Fine-tuned Real-ESRGAN,001/00000042,0.2993868589401245,0.0010157324140891433,0.29507315158843994
Fine-tuned Real-ESRGAN,001/00000043,0.3107268810272217,0.0009188285330310464,0.2967737913131714
Fine-tuned Real-ESRGAN,001/00000044,0.31700804829597473,0.0009400033741258085,0.29993218183517456
Fine-tuned Real-ESRGAN,001/00000045,0.32380953431129456,0.0009988895617425442,0.3047933578491211
Fine-tuned Real-ESRGAN,001/00000046,0.3069031536579132,0.0010080401552841067,0.3026565909385681
Fine-tuned Real-ESRGAN,001/00000047,0.3044699728488922,0.001059390022419393,0.29806065559387207
Fine-tuned Real-ESRGAN,001/00000048,0.30587223172187805,0.0009463953319936991,0.28473034501075745
Fine-tuned Real-ESRGAN,001/00000049,0.30727702379226685,0.0011086962185800076,0.2913001477718353
Fine-tuned Real-ESRGAN,001/00000050,0.3129477798938751,0.0009902918245643377,0.2828940153121948
Fine-tuned Real-ESRGAN,001/00000051,0.3117228150367737,0.0010644678259268403,0.28833243250846863
Fine-tuned Real-ESRGAN,001/00000052,0.31582140922546387,0.0011955859372392297,0.2950490713119507
Fine-tuned Real-ESRGAN,001/00000053,0.31469619274139404,0.0009600540506653488,0.3001818060874939
Fine-tuned Real-ESRGAN,001/00000054,0.31147265434265137,0.0011122138239443302,0.3000781834125519
Fine-tuned Real-ESRGAN,001/00000055,0.306262731552124,0.0009763461421243846,0.29313766956329346
Fine-tuned Real-ESRGAN,001/00000056,0.3087831735610962,0.0011597061529755592,0.2895147204399109
Fine-tuned Real-ESRGAN,001/00000057,0.30915337800979614,0.001003546523861587,0.30536723136901855
Fine-tuned Real-ESRGAN,001/00000058,0.3118809163570404,0.0010445603402331471,0.3006880283355713
Fine-tuned Real-ESRGAN,001/00000059,0.31394320726394653,0.0010370869422331452,0.3005797266960144
Fine-tuned Real-ESRGAN,001/00000060,0.318686306476593,0.0010249560000374913,0.2941587567329407
Fine-tuned Real-ESRGAN,001/00000061,0.31648534536361694,0.0010451613925397396,0.30497002601623535
Fine-tuned Real-ESRGAN,001/00000062,0.3157808184623718,0.000970324210356921,0.30079278349876404
Fine-tuned Real-ESRGAN,001/00000063,0.31162944436073303,0.0009660478681325912,0.3003386855125427
Fine-tuned Real-ESRGAN,001/00000064,0.3107343316078186,0.0010161836398765445,0.2981691360473633
Fine-tuned Real-ESRGAN,001/00000065,0.31384241580963135,0.0006676888442598283,0.3318207859992981
Fine-tuned Real-ESRGAN,001/00000066,0.3060275912284851,0.0008217786671593785,0.2899615168571472
Fine-tuned Real-ESRGAN,001/00000067,0.31553053855895996,0.001025560311973095,0.2980184555053711
Fine-tuned Real-ESRGAN,001/00000068,0.3179904520511627,0.0011103047290816903,0.31356281042099
Fine-tuned Real-ESRGAN,001/00000069,0.31474077701568604,0.0009479748550802469,0.3079639971256256
Fine-tuned Real-ESRGAN,001/00000070,0.3195253610610962,0.0009893401293084025,0.31039443612098694
Fine-tuned Real-ESRGAN,001/00000071,0.3236854374408722,0.000985201564617455,0.30699077248573303
Fine-tuned Real-ESRGAN,001/00000072,0.3003670573234558,0.0010125079425051808,0.30082130432128906
Fine-tuned Real-ESRGAN,001/00000073,0.2976449131965637,0.000957378011662513,0.2890087068080902
Fine-tuned Real-ESRGAN,001/00000074,0.3033083379268646,0.0009407827747054398,0.2864668667316437
Fine-tuned Real-ESRGAN,001/00000075,0.3057190179824829,0.0011208467185497284,0.29132917523384094
Fine-tuned Real-ESRGAN,001/00000076,0.3040822446346283,0.0010784502374008298,0.296159029006958
Fine-tuned Real-ESRGAN,001/00000077,0.31058645248413086,0.0011128814658150077,0.29356127977371216
Fine-tuned Real-ESRGAN,001/00000078,0.3102535605430603,0.0010724121239036322,0.2996687591075897
Fine-tuned Real-ESRGAN,001/00000079,0.3195172846317291,0.001057328307069838,0.3035304546356201
Fine-tuned Real-ESRGAN,001/00000080,0.327080100774765,0.000991589273326099,0.31054097414016724
Fine-tuned Real-ESRGAN,001/00000081,0.3178144097328186,0.0009417887195013463,0.31253957748413086
Fine-tuned Real-ESRGAN,001/00000082,0.31531208753585815,0.0009784767171368003,0.3056509494781494
Fine-tuned Real-ESRGAN,001/00000083,0.3182903528213501,0.0009262859239242971,0.2992132008075714
Fine-tuned Real-ESRGAN,001/00000084,0.3199595808982849,0.0009718394139781594,0.3084796369075775
Fine-tuned Real-ESRGAN,001/00000085,0.3219541013240814,0.0009520504390820861,0.3108382821083069
Fine-tuned Real-ESRGAN,001/00000086,0.31832990050315857,0.0009510415839031339,0.3095150589942932
Fine-tuned Real-ESRGAN,001/00000087,0.31961044669151306,0.001046662451699376,0.2931485176086426
Fine-tuned Real-ESRGAN,001/00000088,0.3199121654033661,0.0009610017295926809,0.30666929483413696
Fine-tuned Real-ESRGAN,001/00000089,0.32119160890579224,0.0010138826910406351,0.3091852068901062
Fine-tuned Real-ESRGAN,001/00000090,0.31564369797706604,0.0010852018604055047,0.29779988527297974
Fine-tuned Real-ESRGAN,001/00000091,0.315665602684021,0.0009222945664077997,0.29517120122909546
Fine-tuned Real-ESRGAN,001/00000092,0.31958743929862976,0.0009942185133695602,0.3007715046405792
Fine-tuned Real-ESRGAN,001/00000093,0.32562455534935,0.0008884936687536538,0.29972898960113525
Fine-tuned Real-ESRGAN,001/00000094,0.32918569445610046,0.001000043237581849,0.2972464859485626
Fine-tuned Real-ESRGAN,001/00000095,0.32598134875297546,0.0010095167672261596,0.31506356596946716
Fine-tuned Real-ESRGAN,001/00000096,0.32719817757606506,0.0009270476293750107,0.3154441714286804
Fine-tuned Real-ESRGAN,001/00000097,0.3442469537258148,0.0009538977174088359,0.3188115656375885
Fine-tuned Real-ESRGAN,001/00000098,0.3379005193710327,0.0008328836993314326,0.31810644268989563
Fine-tuned Real-ESRGAN,001/00000099,0.32092782855033875,0.0009122910560108721,0.31131482124328613
Fine-tuned Real-ESRGAN,002/00000000,0.19623877108097076,0.0008066876907832921,0.2711002230644226
Fine-tuned Real-ESRGAN,002/00000001,0.20855960249900818,0.0007032681605778635,0.1979895383119583
Fine-tuned Real-ESRGAN,002/00000002,0.16628864407539368,0.0005934422370046377,0.18196386098861694
Fine-tuned Real-ESRGAN,002/00000003,0.20242922008037567,0.0005428449949249625,0.17740952968597412
Fine-tuned Real-ESRGAN,002/00000004,0.19984345138072968,0.0005821515223942697,0.18908019363880157
Fine-tuned Real-ESRGAN,002/00000005,0.17962731420993805,0.0005770407151430845,0.18003544211387634
Fine-tuned Real-ESRGAN,002/00000006,0.16387557983398438,0.0005483474815264344,0.16551274061203003
Fine-tuned Real-ESRGAN,002/00000007,0.16187091171741486,0.0005518298712559044,0.15803343057632446
Fine-tuned Real-ESRGAN,002/00000008,0.173456609249115,0.0006121219485066831,0.16456271708011627
Fine-tuned Real-ESRGAN,002/00000009,0.1826513111591339,0.0006816099630668759,0.17932835221290588
Fine-tuned Real-ESRGAN,002/00000010,0.18640011548995972,0.000709839107003063,0.1703163981437683
Fine-tuned Real-ESRGAN,002/00000011,0.1782943457365036,0.0006773980567231774,0.17940998077392578
Fine-tuned Real-ESRGAN,002/00000012,0.15238773822784424,0.0006813444779254496,0.16989415884017944
Fine-tuned Real-ESRGAN,002/00000013,0.1628243625164032,0.0006838298286311328,0.16088202595710754
Fine-tuned Real-ESRGAN,002/00000014,0.1758282482624054,0.0006906893104314804,0.17511963844299316
Fine-tuned Real-ESRGAN,002/00000015,0.1789586842060089,0.000722547119949013,0.17847026884555817
Fine-tuned Real-ESRGAN,002/00000016,0.1853049099445343,0.0007721150177530944,0.18262553215026855
Fine-tuned Real-ESRGAN,002/00000017,0.1831163913011551,0.0007713250815868378,0.18211719393730164
Fine-tuned Real-ESRGAN,002/00000018,0.17316564917564392,0.0007185413269326091,0.1799284815788269
Fine-tuned Real-ESRGAN,002/00000019,0.19255495071411133,0.0007102094823494554,0.1825123280286789
Fine-tuned Real-ESRGAN,002/00000020,0.1862965077161789,0.0007670365157537162,0.17971011996269226
Fine-tuned Real-ESRGAN,002/00000021,0.1862703114748001,0.0006844617309980094,0.18456359207630157
Fine-tuned Real-ESRGAN,002/00000022,0.18911360204219818,0.0007598627707920969,0.17408302426338196
Fine-tuned Real-ESRGAN,002/00000023,0.19294288754463196,0.000706584076397121,0.17488481104373932
Fine-tuned Real-ESRGAN,002/00000024,0.1767333298921585,0.0007124129333533347,0.1758287101984024
Fine-tuned Real-ESRGAN,002/00000025,0.18380816280841827,0.0007175835780799389,0.1783294677734375
Fine-tuned Real-ESRGAN,002/00000026,0.17067952454090118,0.0006655616452917457,0.1708989441394806
Fine-tuned Real-ESRGAN,002/00000027,0.17523860931396484,0.000614889373537153,0.16271641850471497
Fine-tuned Real-ESRGAN,002/00000028,0.17476031184196472,0.0006265187403187156,0.17020228505134583
Fine-tuned Real-ESRGAN,002/00000029,0.16793251037597656,0.0005972052458673716,0.1618046760559082
Fine-tuned Real-ESRGAN,002/00000030,0.1645493060350418,0.0006072456017136574,0.1615414023399353
Fine-tuned Real-ESRGAN,002/00000031,0.17635425925254822,0.00062544149113819,0.16181303560733795
Fine-tuned Real-ESRGAN,002/00000032,0.17134110629558563,0.0006162862409837544,0.17146097123622894
Fine-tuned Real-ESRGAN,002/00000033,0.16984811425209045,0.0006340834079310298,0.17162221670150757
Fine-tuned Real-ESRGAN,002/00000034,0.17328013479709625,0.0006152560818009079,0.16591645777225494
Fine-tuned Real-ESRGAN,002/00000035,0.1748197376728058,0.0006413934752345085,0.1659475415945053
Fine-tuned Real-ESRGAN,002/00000036,0.1658552587032318,0.0005949112819507718,0.1623961180448532
Fine-tuned Real-ESRGAN,002/00000037,0.1301749348640442,0.0005256589502096176,0.14437739551067352
Fine-tuned Real-ESRGAN,002/00000038,0.15709438920021057,0.0005144717870280147,0.1389288753271103
Fine-tuned Real-ESRGAN,002/00000039,0.13689790666103363,0.0005520422128029168,0.14490631222724915
Fine-tuned Real-ESRGAN,002/00000040,0.12287875264883041,0.0005180159350857139,0.12408482283353806
Fine-tuned Real-ESRGAN,002/00000041,0.14458712935447693,0.0005565707106143236,0.13160081207752228
Fine-tuned Real-ESRGAN,002/00000042,0.14117524027824402,0.0005688192904926836,0.14033570885658264
Fine-tuned Real-ESRGAN,002/00000043,0.14908495545387268,0.0005459641688503325,0.1392592489719391
Fine-tuned Real-ESRGAN,002/00000044,0.1439640372991562,0.0005688734236173332,0.13925446569919586
Fine-tuned Real-ESRGAN,002/00000045,0.1383763998746872,0.0005717049352824688,0.13574472069740295
Fine-tuned Real-ESRGAN,002/00000046,0.14692586660385132,0.0005893686902709305,0.13543212413787842
Fine-tuned Real-ESRGAN,002/00000047,0.15427960455417633,0.0006395590025931597,0.14062702655792236
Fine-tuned Real-ESRGAN,002/00000048,0.1484765261411667,0.0006033964455127716,0.14405933022499084
Fine-tuned Real-ESRGAN,002/00000049,0.15392637252807617,0.0005856418865732849,0.14530234038829803
Fine-tuned Real-ESRGAN,002/00000050,0.14598491787910461,0.0005800288054160774,0.14467211067676544
Fine-tuned Real-ESRGAN,002/00000051,0.13344138860702515,0.0005065210280008614,0.13268178701400757
Fine-tuned Real-ESRGAN,002/00000052,0.160077765583992,0.0004832855483982712,0.1365119069814682
Fine-tuned Real-ESRGAN,002/00000053,0.13366667926311493,0.00046882469905540347,0.13297760486602783
Fine-tuned Real-ESRGAN,002/00000054,0.1527019590139389,0.000488230783957988,0.13633902370929718
Fine-tuned Real-ESRGAN,002/00000055,0.153487890958786,0.0005224383203312755,0.1428414285182953
Fine-tuned Real-ESRGAN,002/00000056,0.15434084832668304,0.000523612427059561,0.14582087099552155
Fine-tuned Real-ESRGAN,002/00000057,0.15599529445171356,0.0005274116992950439,0.1505914032459259
Fine-tuned Real-ESRGAN,002/00000058,0.14784952998161316,0.0005392454913817346,0.1486150026321411
Fine-tuned Real-ESRGAN,002/00000059,0.1602410227060318,0.0005581986624747515,0.14439210295677185
Fine-tuned Real-ESRGAN,002/00000060,0.15323840081691742,0.0005812347517348826,0.1553543359041214
Fine-tuned Real-ESRGAN,002/00000061,0.15056151151657104,0.0005717746680602431,0.14834356307983398
Fine-tuned Real-ESRGAN,002/00000062,0.14205260574817657,0.0005584608297795057,0.14799940586090088
Fine-tuned Real-ESRGAN,002/00000063,0.16327235102653503,0.0005662320181727409,0.14698205888271332
Fine-tuned Real-ESRGAN,002/00000064,0.15455381572246552,0.0005864835693500936,0.15388867259025574
Fine-tuned Real-ESRGAN,002/00000065,0.1461542844772339,0.0005788968992419541,0.14857840538024902
Fine-tuned Real-ESRGAN,002/00000066,0.15235400199890137,0.0006073564291000366,0.15063348412513733
Fine-tuned Real-ESRGAN,002/00000067,0.14563122391700745,0.000610954943113029,0.14512212574481964
Fine-tuned Real-ESRGAN,002/00000068,0.14485783874988556,0.0005654124543070793,0.1435207724571228
Fine-tuned Real-ESRGAN,002/00000069,0.16369111835956573,0.0005879977834410965,0.1483003795146942
Fine-tuned Real-ESRGAN,002/00000070,0.1649932861328125,0.0006224775570444763,0.15695033967494965
Fine-tuned Real-ESRGAN,002/00000071,0.16339023411273956,0.000649836438242346,0.1629856377840042
Fine-tuned Real-ESRGAN,002/00000072,0.16577890515327454,0.000670677050948143,0.15508899092674255
Fine-tuned Real-ESRGAN,002/00000073,0.16092999279499054,0.0006443778984248638,0.1644485890865326
Fine-tuned Real-ESRGAN,002/00000074,0.17422649264335632,0.0006598673644475639,0.1658615618944168
Fine-tuned Real-ESRGAN,002/00000075,0.16610181331634521,0.0006613147561438382,0.17301605641841888
Fine-tuned Real-ESRGAN,002/00000076,0.16363278031349182,0.000646292872261256,0.16431450843811035
Fine-tuned Real-ESRGAN,002/00000077,0.17090794444084167,0.0006380499107763171,0.16651977598667145
Fine-tuned Real-ESRGAN,002/00000078,0.16154217720031738,0.0006664486136287451,0.16504740715026855
Fine-tuned Real-ESRGAN,002/00000079,0.17307260632514954,0.0006874367245472968,0.1656855046749115
Fine-tuned Real-ESRGAN,002/00000080,0.17051172256469727,0.0007034135051071644,0.17338968813419342
Fine-tuned Real-ESRGAN,002/00000081,0.1701703518629074,0.00067862932337448,0.17279434204101562
Fine-tuned Real-ESRGAN,002/00000082,0.16649959981441498,0.0006642085500061512,0.17241063714027405
Fine-tuned Real-ESRGAN,002/00000083,0.17838898301124573,0.000674873124808073,0.16629859805107117
Fine-tuned Real-ESRGAN,002/00000084,0.16310299932956696,0.0006651759031228721,0.16867400705814362
Fine-tuned Real-ESRGAN,002/00000085,0.15083834528923035,0.0005740084452554584,0.15497666597366333
Fine-tuned Real-ESRGAN,002/00000086,0.12469953298568726,0.0004929833230562508,0.1343483328819275
Fine-tuned Real-ESRGAN,002/00000087,0.15336132049560547,0.0005513208452612162,0.13659518957138062
Fine-tuned Real-ESRGAN,002/00000088,0.15525774657726288,0.0006272012833505869,0.15463483333587646
Fine-tuned Real-ESRGAN,002/00000089,0.17137211561203003,0.0006281686946749687,0.16398592293262482
Fine-tuned Real-ESRGAN,002/00000090,0.16561953723430634,0.000647030072286725,0.16313941776752472
Fine-tuned Real-ESRGAN,002/00000091,0.15435999631881714,0.0006052929093129933,0.1581287533044815
Fine-tuned Real-ESRGAN,002/00000092,0.1514861136674881,0.0005393361789174378,0.15201705694198608
Fine-tuned Real-ESRGAN,002/00000093,0.15560120344161987,0.0005553467199206352,0.15305452048778534
Fine-tuned Real-ESRGAN,002/00000094,0.16622406244277954,0.0006092144758440554,0.15886706113815308
Fine-tuned Real-ESRGAN,002/00000095,0.17662429809570312,0.000651886744890362,0.16735732555389404
Fine-tuned Real-ESRGAN,002/00000096,0.16122211515903473,0.0006539697060361505,0.16133235394954681
Fine-tuned Real-ESRGAN,002/00000097,0.177137553691864,0.0006541508482769132,0.16844779253005981
Fine-tuned Real-ESRGAN,002/00000098,0.17440640926361084,0.0006565491785295308,0.17400723695755005
Fine-tuned Real-ESRGAN,002/00000099,0.1750260591506958,0.0006670030998066068,0.17155662178993225
Direction C Hybrid,000/00000000,0.19553232192993164,,
Direction C Hybrid,000/00000001,0.19361096620559692,0.00038666778709739447,0.18753528594970703
Direction C Hybrid,000/00000002,0.19397073984146118,0.00039502509753219783,0.18812480568885803
Direction C Hybrid,000/00000003,0.20453593134880066,0.000408062303904444,0.1950618028640747
Direction C Hybrid,000/00000004,0.21087989211082458,0.0004116239433642477,0.201189786195755
Direction C Hybrid,000/00000005,0.2267707735300064,0.0004211445339024067,0.21315397322177887
Direction C Hybrid,000/00000006,0.21338021755218506,0.0004037507460452616,0.2104707658290863
Direction C Hybrid,000/00000007,0.21112187206745148,0.0003915232664439827,0.2033776342868805
Direction C Hybrid,000/00000008,0.20910517871379852,0.00040455174166709185,0.20598286390304565
Direction C Hybrid,000/00000009,0.19869887828826904,0.0004041997599415481,0.19984783232212067
Direction C Hybrid,000/00000010,0.18969719111919403,0.0004134255868848413,0.18991106748580933
Direction C Hybrid,000/00000011,0.19626477360725403,0.0004187168087810278,0.18899764120578766
Direction C Hybrid,000/00000012,0.2092287838459015,0.00042816417408175766,0.19886010885238647
Direction C Hybrid,000/00000013,0.2171124517917633,0.00044047198025509715,0.20701681077480316
Direction C Hybrid,000/00000014,0.19711194932460785,0.00043512610136531293,0.19914446771144867
Direction C Hybrid,000/00000015,0.19800446927547455,0.0004096820193808526,0.1854560673236847
Direction C Hybrid,000/00000016,0.2039215862751007,0.0004221500421408564,0.19367718696594238
Direction C Hybrid,000/00000017,0.20945991575717926,0.0004458732146304101,0.2019413411617279
Direction C Hybrid,000/00000018,0.20089830458164215,0.0004282538138795644,0.19774073362350464
Direction C Hybrid,000/00000019,0.20631149411201477,0.0004321234009694308,0.19712525606155396
Direction C Hybrid,000/00000020,0.22457093000411987,0.00043372574145905674,0.2116260677576065
Direction C Hybrid,000/00000021,0.23372414708137512,0.0004477415350265801,0.2206239253282547
Direction C Hybrid,000/00000022,0.21657676994800568,0.0004494311287999153,0.21954351663589478
Direction C Hybrid,000/00000023,0.21783696115016937,0.0004413429996930063,0.2149774730205536
Direction C Hybrid,000/00000024,0.21285070478916168,0.0004550869343802333,0.20868796110153198
Direction C Hybrid,000/00000025,0.20963802933692932,0.00044712371891364455,0.20428505539894104
Direction C Hybrid,000/00000026,0.19713661074638367,0.0004538295906968415,0.1998956948518753
Direction C Hybrid,000/00000027,0.2014763355255127,0.00046060315798968077,0.19825299084186554
Direction C Hybrid,000/00000028,0.20639385282993317,0.00044853889266960323,0.20521047711372375
Direction C Hybrid,000/00000029,0.21169401705265045,0.00044193206122145057,0.20718856155872345
Direction C Hybrid,000/00000030,0.2026604413986206,0.00043287896551191807,0.2003881186246872
Direction C Hybrid,000/00000031,0.19913707673549652,0.0004179521929472685,0.19963108003139496
Direction C Hybrid,000/00000032,0.20421797037124634,0.00044258518028073013,0.19619950652122498
Direction C Hybrid,000/00000033,0.20902931690216064,0.00044144189450889826,0.20082025229930878
Direction C Hybrid,000/00000034,0.20165888965129852,0.0004397903976496309,0.200006902217865
Direction C Hybrid,000/00000035,0.20027807354927063,0.00043661685776896775,0.19606967270374298
Direction C Hybrid,000/00000036,0.20371216535568237,0.0004384175408631563,0.19822478294372559
Direction C Hybrid,000/00000037,0.21563556790351868,0.00043799541890621185,0.20242314040660858
Direction C Hybrid,000/00000038,0.1976449340581894,0.0004336991114541888,0.19762979447841644
Direction C Hybrid,000/00000039,0.18999457359313965,0.0004114363400731236,0.18879671394824982
Direction C Hybrid,000/00000040,0.19144399464130402,0.00041549510206095874,0.19128671288490295
Direction C Hybrid,000/00000041,0.19518597424030304,0.00042735267197713256,0.18237410485744476
Direction C Hybrid,000/00000042,0.1883770078420639,0.0004142662219237536,0.18915659189224243
Direction C Hybrid,000/00000043,0.19555337727069855,0.00039570056833326817,0.18595516681671143
Direction C Hybrid,000/00000044,0.20054346323013306,0.0003966404765378684,0.18880099058151245
Direction C Hybrid,000/00000045,0.20679953694343567,0.0004065365355927497,0.20013560354709625
Direction C Hybrid,000/00000046,0.20327803492546082,0.0004011727578472346,0.20154905319213867
Direction C Hybrid,000/00000047,0.20750100910663605,0.0003970930411014706,0.19937512278556824
Direction C Hybrid,000/00000048,0.20511963963508606,0.0004116274358239025,0.202042818069458
Direction C Hybrid,000/00000049,0.2085220366716385,0.00043105645454488695,0.20652316510677338
Direction C Hybrid,000/00000050,0.19538456201553345,0.0004388923989608884,0.2003527581691742
Direction C Hybrid,000/00000051,0.18905064463615417,0.0004356483987066895,0.19692671298980713
Direction C Hybrid,000/00000052,0.18390566110610962,0.000438371003838256,0.19345617294311523
Direction C Hybrid,000/00000053,0.18516767024993896,0.00045799202052876353,0.18879112601280212
Direction C Hybrid,000/00000054,0.18169152736663818,0.000459072005469352,0.17660890519618988
Direction C Hybrid,000/00000055,0.1855859011411667,0.00044074756442569196,0.18107455968856812
Direction C Hybrid,000/00000056,0.19105467200279236,0.0004318067221902311,0.1886027306318283
Direction C Hybrid,000/00000057,0.1960856169462204,0.00044138514203950763,0.193503737449646
Direction C Hybrid,000/00000058,0.1886490285396576,0.0004306589253246784,0.19027435779571533
Direction C Hybrid,000/00000059,0.19413021206855774,0.0004213117645122111,0.19231267273426056
Direction C Hybrid,000/00000060,0.1949356645345688,0.00043462144094519317,0.18764951825141907
Direction C Hybrid,000/00000061,0.1965847909450531,0.0004498886119108647,0.18975667655467987
Direction C Hybrid,000/00000062,0.19836997985839844,0.0004579612868838012,0.186397522687912
Direction C Hybrid,000/00000063,0.19435638189315796,0.00045026963925920427,0.1909392923116684
Direction C Hybrid,000/00000064,0.18558478355407715,0.00043932467815466225,0.18812067806720734
Direction C Hybrid,000/00000065,0.19311243295669556,0.0004392421687953174,0.18711711466312408
Direction C Hybrid,000/00000066,0.1942640095949173,0.0004307064227759838,0.18307219445705414
Direction C Hybrid,000/00000067,0.19731976091861725,0.00042009184835478663,0.18488317728042603
Direction C Hybrid,000/00000068,0.2084256112575531,0.0004290961369406432,0.19819794595241547
Direction C Hybrid,000/00000069,0.21934428811073303,0.00044306181371212006,0.20461565256118774
Direction C Hybrid,000/00000070,0.21058335900306702,0.0004398845776449889,0.2047966718673706
Direction C Hybrid,000/00000071,0.21302250027656555,0.0004352276446297765,0.19861970841884613
Direction C Hybrid,000/00000072,0.22068893909454346,0.00045457741362042725,0.20978650450706482
Direction C Hybrid,000/00000073,0.2287287712097168,0.00046949784155003726,0.21276229619979858
Direction C Hybrid,000/00000074,0.2232680469751358,0.0004612756602000445,0.2176991105079651
Direction C Hybrid,000/00000075,0.22493642568588257,0.00045651060645468533,0.2158031016588211
Direction C Hybrid,000/00000076,0.21722283959388733,0.000472601386718452,0.21641521155834198
Direction C Hybrid,000/00000077,0.21420824527740479,0.00048049353063106537,0.21158502995967865
Direction C Hybrid,000/00000078,0.20217406749725342,0.00047460192581638694,0.20692037045955658
Direction C Hybrid,000/00000079,0.1941622644662857,0.0004670761991292238,0.20165987312793732
Direction C Hybrid,000/00000080,0.19707953929901123,0.00048724687076173723,0.1967359185218811
Direction C Hybrid,000/00000081,0.19118770956993103,0.0004795141867361963,0.19537319242954254
Direction C Hybrid,000/00000082,0.18105408549308777,0.0004889161209575832,0.1922999620437622
Direction C Hybrid,000/00000083,0.18496373295783997,0.00048367519048042595,0.19263017177581787
Direction C Hybrid,000/00000084,0.19694331288337708,0.0005027448059991002,0.1989435851573944
Direction C Hybrid,000/00000085,0.20301444828510284,0.0005428868462331593,0.19659866392612457
Direction C Hybrid,000/00000086,0.21056635677814484,0.000573424156755209,0.2085772007703781
Direction C Hybrid,000/00000087,0.2125910520553589,0.0005882680998183787,0.20165380835533142
Direction C Hybrid,000/00000088,0.19930633902549744,0.0005810968577861786,0.1989045888185501
Direction C Hybrid,000/00000089,0.1998632550239563,0.0005935065564699471,0.1981056034564972
Direction C Hybrid,000/00000090,0.1725824475288391,0.0005708608659915626,0.18164940178394318
Direction C Hybrid,000/00000091,0.16628754138946533,0.0004989807493984699,0.16540184617042542
Direction C Hybrid,000/00000092,0.16991092264652252,0.000458731286926195,0.1689634621143341
Direction C Hybrid,000/00000093,0.17780087888240814,0.0004633624048437923,0.1662023961544037
Direction C Hybrid,000/00000094,0.17866578698158264,0.00046260334784165025,0.16881687939167023
Direction C Hybrid,000/00000095,0.1881236433982849,0.00046062757610343397,0.18128252029418945
Direction C Hybrid,000/00000096,0.19826678931713104,0.000447875790996477,0.19554081559181213
Direction C Hybrid,000/00000097,0.1994519978761673,0.0004565684066619724,0.19426408410072327
Direction C Hybrid,000/00000098,0.19771303236484528,0.0004710761713795364,0.20270763337612152
Direction C Hybrid,000/00000099,0.20239096879959106,0.0004788323713000864,0.20438364148139954
Direction C Hybrid,001/00000000,0.2084287703037262,0.00046854937681928277,0.2102619707584381
Direction C Hybrid,001/00000001,0.20382896065711975,0.0004189555183984339,0.1899924874305725
Direction C Hybrid,001/00000002,0.1916377693414688,0.00040819781133905053,0.18059088289737701
Direction C Hybrid,001/00000003,0.19272936880588531,0.0004364819033071399,0.17557497322559357
Direction C Hybrid,001/00000004,0.20822948217391968,0.000438964634668082,0.17962273955345154
Direction C Hybrid,001/00000005,0.2122126668691635,0.00045668944949284196,0.19866904616355896
Direction C Hybrid,001/00000006,0.17889681458473206,0.00042940935236401856,0.17916953563690186
Direction C Hybrid,001/00000007,0.18075822293758392,0.000376842450350523,0.16520825028419495
Direction C Hybrid,001/00000008,0.18075807392597198,0.0004283547750674188,0.15787139534950256
Direction C Hybrid,001/00000009,0.1794750839471817,0.000434853951446712,0.16557817161083221
Direction C Hybrid,001/00000010,0.17376337945461273,0.00040086422814056277,0.15839263796806335
Direction C Hybrid,001/00000011,0.17132554948329926,0.0004272678925190121,0.14925043284893036
Direction C Hybrid,001/00000012,0.173020601272583,0.00043384163291193545,0.1559431254863739
Direction C Hybrid,001/00000013,0.17868183553218842,0.00040759536204859614,0.1662774533033371
Direction C Hybrid,001/00000014,0.1856936812400818,0.00042387141729705036,0.16237659752368927
Direction C Hybrid,001/00000015,0.18519656360149384,0.0003681087982840836,0.17241165041923523
Direction C Hybrid,001/00000016,0.17972467839717865,0.0003980795154348016,0.16694405674934387
Direction C Hybrid,001/00000017,0.18197399377822876,0.0004023294895887375,0.16667868196964264
Direction C Hybrid,001/00000018,0.17978206276893616,0.00038390213740058243,0.1605384647846222
Direction C Hybrid,001/00000019,0.17567113041877747,0.0003827163018286228,0.1665184497833252
Direction C Hybrid,001/00000020,0.16892991960048676,0.00041014820453710854,0.15742771327495575
Direction C Hybrid,001/00000021,0.16864541172981262,0.0004157026996836066,0.15393511950969696
Direction C Hybrid,001/00000022,0.1633807271718979,0.0004085693508386612,0.15933266282081604
Direction C Hybrid,001/00000023,0.17065688967704773,0.00039673055289313197,0.15559618175029755
Direction C Hybrid,001/00000024,0.16830800473690033,0.0003862605371978134,0.15557338297367096
Direction C Hybrid,001/00000025,0.17793633043766022,0.000429004110628739,0.15811951458454132
Direction C Hybrid,001/00000026,0.18996262550354004,0.00040918492595665157,0.17022424936294556
Direction C Hybrid,001/00000027,0.19180215895175934,0.00041126692667603493,0.17228029668331146
Direction C Hybrid,001/00000028,0.17643004655838013,0.000417081086197868,0.1699460744857788
Direction C Hybrid,001/00000029,0.16239330172538757,0.0003912651154678315,0.15506096184253693
Direction C Hybrid,001/00000030,0.16456100344657898,0.0003881091543007642,0.15210983157157898
Direction C Hybrid,001/00000031,0.16115325689315796,0.0004063471278641373,0.14556752145290375
Direction C Hybrid,001/00000032,0.16604161262512207,0.0003901860909536481,0.14902383089065552
Direction C Hybrid,001/00000033,0.16838082671165466,0.0004917948390357196,0.17520573735237122
Direction C Hybrid,001/00000034,0.16284939646720886,0.00041130807949230075,0.1501324623823166
Direction C Hybrid,001/00000035,0.17127500474452972,0.00040835747495293617,0.15410907566547394
Direction C Hybrid,001/00000036,0.16701430082321167,0.0003885914629790932,0.1498911827802658
Direction C Hybrid,001/00000037,0.16330184042453766,0.0004145886341575533,0.15171122550964355
Direction C Hybrid,001/00000038,0.15945014357566833,0.00041985142161138356,0.1498703509569168
Direction C Hybrid,001/00000039,0.1600988358259201,0.000446846621343866,0.1503915786743164
Direction C Hybrid,001/00000040,0.16680686175823212,0.00042613939149305224,0.15215560793876648
Direction C Hybrid,001/00000041,0.1666203886270523,0.00039493507938459516,0.1590394228696823
Direction C Hybrid,001/00000042,0.15831583738327026,0.00040504560456611216,0.1519365757703781
Direction C Hybrid,001/00000043,0.16866576671600342,0.00039858411764726043,0.15660782158374786
Direction C Hybrid,001/00000044,0.18188966810703278,0.00040416253614239395,0.16148293018341064
Direction C Hybrid,001/00000045,0.18748702108860016,0.00042881740955635905,0.1686987280845642
Direction C Hybrid,001/00000046,0.1673494577407837,0.00042378477519378066,0.16282901167869568
Direction C Hybrid,001/00000047,0.1616411954164505,0.00041786598740145564,0.15153732895851135
Direction C Hybrid,001/00000048,0.16130930185317993,0.00043677029316313565,0.15305271744728088
Direction C Hybrid,001/00000049,0.16600310802459717,0.000435871712397784,0.1502031832933426
Direction C Hybrid,001/00000050,0.16290339827537537,0.00042398678488098085,0.14529620110988617
Direction C Hybrid,001/00000051,0.16199038922786713,0.0003967515076510608,0.1452377438545227
Direction C Hybrid,001/00000052,0.16627132892608643,0.0004422275524120778,0.14914779365062714
Direction C Hybrid,001/00000053,0.1677131950855255,0.0003947568766307086,0.15521080791950226
Direction C Hybrid,001/00000054,0.16656917333602905,0.0004403056518640369,0.14848875999450684
Direction C Hybrid,001/00000055,0.1628016084432602,0.0004254894738551229,0.1505320817232132
Direction C Hybrid,001/00000056,0.165813148021698,0.00042433509952388704,0.14394019544124603
Direction C Hybrid,001/00000057,0.17092925310134888,0.00041855211020447314,0.15546947717666626
Direction C Hybrid,001/00000058,0.16917520761489868,0.0004236430686432868,0.15816646814346313
Direction C Hybrid,001/00000059,0.16631148755550385,0.00043344992445781827,0.15593372285366058
Direction C Hybrid,001/00000060,0.17138509452342987,0.0004466633836273104,0.15477189421653748
Direction C Hybrid,001/00000061,0.17183104157447815,0.00042544028838165104,0.1565685123205185
Direction C Hybrid,001/00000062,0.17224512994289398,0.0004304348840378225,0.15601879358291626
Direction C Hybrid,001/00000063,0.16943344473838806,0.00042419240344315767,0.15922017395496368
Direction C Hybrid,001/00000064,0.16660267114639282,0.0004249866760801524,0.1590586006641388
Direction C Hybrid,001/00000065,0.16803939640522003,0.00032949508749879897,0.17822350561618805
Direction C Hybrid,001/00000066,0.15945324301719666,0.000375960225937888,0.148305743932724
Direction C Hybrid,001/00000067,0.165426567196846,0.0004236674285493791,0.14857396483421326
Direction C Hybrid,001/00000068,0.1704108566045761,0.00044049712596461177,0.16724637150764465
Direction C Hybrid,001/00000069,0.17000386118888855,0.0003969414974562824,0.15857116878032684
Direction C Hybrid,001/00000070,0.17817509174346924,0.0004178982344456017,0.16702021658420563
Direction C Hybrid,001/00000071,0.1856660544872284,0.00043988373363390565,0.16687694191932678
Direction C Hybrid,001/00000072,0.1683439314365387,0.00041852795402519405,0.16226163506507874
Direction C Hybrid,001/00000073,0.1655193716287613,0.00040536862798035145,0.1515367180109024
Direction C Hybrid,001/00000074,0.16271153092384338,0.0004427318344824016,0.15148866176605225
Direction C Hybrid,001/00000075,0.16455784440040588,0.0004355387354735285,0.1528286337852478
Direction C Hybrid,001/00000076,0.1645440310239792,0.00042413754272274673,0.15463751554489136
Direction C Hybrid,001/00000077,0.1704999804496765,0.000435423047747463,0.1542876809835434
Direction C Hybrid,001/00000078,0.16975733637809753,0.0004137965152040124,0.15230342745780945
Direction C Hybrid,001/00000079,0.17812564969062805,0.0003921339812222868,0.15638767182826996
Direction C Hybrid,001/00000080,0.18702775239944458,0.00040161266224458814,0.1673581898212433
Direction C Hybrid,001/00000081,0.1809428483247757,0.00042921723797917366,0.17101898789405823
Direction C Hybrid,001/00000082,0.17305350303649902,0.0004090507864020765,0.15932397544384003
Direction C Hybrid,001/00000083,0.1767646223306656,0.0003899249713867903,0.1611369103193283
Direction C Hybrid,001/00000084,0.18010492622852325,0.00039974600076675415,0.16348353028297424
Direction C Hybrid,001/00000085,0.18182913959026337,0.0004478257615119219,0.16597628593444824
Direction C Hybrid,001/00000086,0.17378343641757965,0.00039904139703139663,0.16401946544647217
Direction C Hybrid,001/00000087,0.17298834025859833,0.00041080554365180433,0.1532650887966156
Direction C Hybrid,001/00000088,0.17531509697437286,0.0004047606489621103,0.15985427796840668
Direction C Hybrid,001/00000089,0.1784125119447708,0.00038360082544386387,0.16270895302295685
Direction C Hybrid,001/00000090,0.1726655215024948,0.0004153947520535439,0.15678176283836365
Direction C Hybrid,001/00000091,0.1714082658290863,0.0004345489724073559,0.1560886800289154
Direction C Hybrid,001/00000092,0.1761685311794281,0.0004548177821561694,0.1626298427581787
Direction C Hybrid,001/00000093,0.18419697880744934,0.00043590995483100414,0.16498547792434692
Direction C Hybrid,001/00000094,0.18396297097206116,0.00041441121720708907,0.16138911247253418
Direction C Hybrid,001/00000095,0.18176494538784027,0.0003982815833296627,0.16786332428455353
Direction C Hybrid,001/00000096,0.1865803301334381,0.00039846275467425585,0.17230334877967834
Direction C Hybrid,001/00000097,0.20195502042770386,0.00038555340142920613,0.1786608248949051
Direction C Hybrid,001/00000098,0.198672354221344,0.000376914074877277,0.1839628517627716
Direction C Hybrid,001/00000099,0.18809324502944946,0.00040700368117541075,0.17401178181171417
Direction C Hybrid,002/00000000,0.10875509679317474,0.000380572397261858,0.1514355093240738
Direction C Hybrid,002/00000001,0.11795933544635773,0.0003391271748114377,0.10712770372629166
Direction C Hybrid,002/00000002,0.10475491732358932,0.0002709113177843392,0.09946447610855103
Direction C Hybrid,002/00000003,0.12392888218164444,0.0002300594060216099,0.101676806807518
Direction C Hybrid,002/00000004,0.12033498287200928,0.0002528395561967045,0.1101556271314621
Direction C Hybrid,002/00000005,0.10898302495479584,0.00024528190260753036,0.10190115123987198
Direction C Hybrid,002/00000006,0.1031419113278389,0.0002387424756307155,0.09657802432775497
Direction C Hybrid,002/00000007,0.09088223427534103,0.00022788558271713555,0.0875721424818039
Direction C Hybrid,002/00000008,0.09613128751516342,0.00023453240282833576,0.08533915877342224
Direction C Hybrid,002/00000009,0.10102630406618118,0.0002673593699000776,0.09353526681661606
Direction C Hybrid,002/00000010,0.09342779964208603,0.0002747492108028382,0.08529308438301086
Direction C Hybrid,002/00000011,0.08823186159133911,0.0002534262603148818,0.08619676530361176
Direction C Hybrid,002/00000012,0.07360886037349701,0.0002539081033319235,0.08029288798570633
Direction C Hybrid,002/00000013,0.0870271846652031,0.000263198307948187,0.07892051339149475
Direction C Hybrid,002/00000014,0.08629955351352692,0.0002687498927116394,0.08494812250137329
Direction C Hybrid,002/00000015,0.08701343834400177,0.00027874126681126654,0.08475670963525772
Direction C Hybrid,002/00000016,0.09388747811317444,0.0002898403035942465,0.09012692421674728
Direction C Hybrid,002/00000017,0.09452572464942932,0.0002995067916344851,0.0908220112323761
Direction C Hybrid,002/00000018,0.07882005721330643,0.000275371567113325,0.08310720324516296
Direction C Hybrid,002/00000019,0.09002410620450974,0.0002614568220451474,0.08193160593509674
Direction C Hybrid,002/00000020,0.08663911372423172,0.00027093919925391674,0.08196290582418442
Direction C Hybrid,002/00000021,0.09044550359249115,0.0002681269543245435,0.08464200794696808
Direction C Hybrid,002/00000022,0.08882710337638855,0.0002736863389145583,0.07733633369207382
Direction C Hybrid,002/00000023,0.09176494181156158,0.00026492634788155556,0.08163689076900482
Direction C Hybrid,002/00000024,0.08413710445165634,0.00025651001487858593,0.07968899607658386
Direction C Hybrid,002/00000025,0.09047269821166992,0.00026992938364855945,0.08312495797872543
Direction C Hybrid,002/00000026,0.08239470422267914,0.00024371610197704285,0.0781794860959053
Direction C Hybrid,002/00000027,0.08916731178760529,0.00022231980983633548,0.07598041743040085
Direction C Hybrid,002/00000028,0.08687912672758102,0.00022811068629380316,0.08142002671957016
Direction C Hybrid,002/00000029,0.08234034478664398,0.00022574199829250574,0.07639934122562408
Direction C Hybrid,002/00000030,0.07440977543592453,0.00021225876116659492,0.07085717469453812
Direction C Hybrid,002/00000031,0.08445006608963013,0.00021145649952813983,0.0709788128733635
Direction C Hybrid,002/00000032,0.08295948803424835,0.00022013149282429367,0.07792006433010101
Direction C Hybrid,002/00000033,0.08510763943195343,0.0002230777172371745,0.0799204632639885
Direction C Hybrid,002/00000034,0.08696354180574417,0.00022982561495155096,0.07710467278957367
Direction C Hybrid,002/00000035,0.0883709043264389,0.00023966003209352493,0.07632172852754593
Direction C Hybrid,002/00000036,0.08478984981775284,0.00022705677838530391,0.07901223748922348
Direction C Hybrid,002/00000037,0.07573740929365158,0.00019928587425965816,0.0716879740357399
Direction C Hybrid,002/00000038,0.08534982055425644,0.0001980717497644946,0.07166718691587448
Direction C Hybrid,002/00000039,0.07612644881010056,0.00020510482136160135,0.07261089980602264
Direction C Hybrid,002/00000040,0.06376441568136215,0.00018517285934649408,0.062415480613708496
Direction C Hybrid,002/00000041,0.0788809210062027,0.00020395788305904716,0.06758148223161697
Direction C Hybrid,002/00000042,0.07040978968143463,0.0002024911082116887,0.06925751268863678
Direction C Hybrid,002/00000043,0.0745837390422821,0.00018960912711918354,0.0669538676738739
Direction C Hybrid,002/00000044,0.07273468375205994,0.00019921845523640513,0.0669633075594902
Direction C Hybrid,002/00000045,0.07198917865753174,0.00020383486116770655,0.06538357585668564
Direction C Hybrid,002/00000046,0.07157303392887115,0.0002177186543121934,0.06448991596698761
Direction C Hybrid,002/00000047,0.07727045565843582,0.00022505177184939384,0.06522570550441742
Direction C Hybrid,002/00000048,0.07079289108514786,0.0002264418435515836,0.06858397275209427
Direction C Hybrid,002/00000049,0.07944831252098083,0.00022804240870755166,0.07029587030410767
Direction C Hybrid,002/00000050,0.08455877006053925,0.00023897757637314498,0.0738905593752861
Direction C Hybrid,002/00000051,0.0869188904762268,0.00023090600734576583,0.07851846516132355
Direction C Hybrid,002/00000052,0.11003340780735016,0.0002466970181558281,0.08697579801082611
Direction C Hybrid,002/00000053,0.09877274185419083,0.00023783174401614815,0.09144429117441177
Direction C Hybrid,002/00000054,0.08458173274993896,0.00021524606563616544,0.08067402988672256
Direction C Hybrid,002/00000055,0.08662928640842438,0.00021210388513281941,0.07589700073003769
Direction C Hybrid,002/00000056,0.08549544960260391,0.00021065952023491263,0.07720853388309479
Direction C Hybrid,002/00000057,0.08772145211696625,0.00021936272969469428,0.07964916527271271
Direction C Hybrid,002/00000058,0.0770789310336113,0.00021356067736633122,0.07580070197582245
Direction C Hybrid,002/00000059,0.08192338049411774,0.00022455613361671567,0.07104568183422089
Direction C Hybrid,002/00000060,0.07746229320764542,0.0002362678205827251,0.07472798228263855
Direction C Hybrid,002/00000061,0.08053893595933914,0.0002342970692552626,0.0736737847328186
Direction C Hybrid,002/00000062,0.07232314348220825,0.0002210683305747807,0.07352294772863388
Direction C Hybrid,002/00000063,0.08570083975791931,0.00022898639144841582,0.07109753042459488
Direction C Hybrid,002/00000064,0.08204443752765656,0.00024132427643053234,0.07675722241401672
Direction C Hybrid,002/00000065,0.07730662077665329,0.00023077022342476994,0.07596377283334732
Direction C Hybrid,002/00000066,0.07375875115394592,0.00023913559562060982,0.07306324690580368
Direction C Hybrid,002/00000067,0.073688805103302,0.0002243167400592938,0.06881275027990341
Direction C Hybrid,002/00000068,0.07651906460523605,0.00021652861323673278,0.0698348730802536
Direction C Hybrid,002/00000069,0.09013665467500687,0.0002397356875007972,0.07580114901065826
Direction C Hybrid,002/00000070,0.08613567054271698,0.00025937348254956305,0.07871086895465851
Direction C Hybrid,002/00000071,0.08762113749980927,0.0002669771492946893,0.08302108943462372
Direction C Hybrid,002/00000072,0.08547012507915497,0.0002680453471839428,0.0791938453912735
Direction C Hybrid,002/00000073,0.08703318238258362,0.0002735173620749265,0.08525365591049194
Direction C Hybrid,002/00000074,0.09142988920211792,0.00027586868964135647,0.08362283557653427
Direction C Hybrid,002/00000075,0.08963001519441605,0.0002724404912441969,0.08934997022151947
Direction C Hybrid,002/00000076,0.08914654701948166,0.00026260429876856506,0.0859237089753151
Direction C Hybrid,002/00000077,0.09580802172422409,0.00027009702171199024,0.0902087539434433
Direction C Hybrid,002/00000078,0.08828924596309662,0.0002725404337979853,0.08819141238927841
Direction C Hybrid,002/00000079,0.09730584919452667,0.0002790865837596357,0.08853380382061005
Direction C Hybrid,002/00000080,0.09704603999853134,0.0002951612405013293,0.09595520049333572
Direction C Hybrid,002/00000081,0.10068795084953308,0.00029053338221274316,0.09989112615585327
Direction C Hybrid,002/00000082,0.10148826986551285,0.0002875987265724689,0.09970048069953918
Direction C Hybrid,002/00000083,0.10851003229618073,0.00030247907852753997,0.09970240294933319
Direction C Hybrid,002/00000084,0.10256853699684143,0.00029773733695037663,0.10427549481391907
Direction C Hybrid,002/00000085,0.09998641908168793,0.00025790161453187466,0.09833240509033203
Direction C Hybrid,002/00000086,0.08253823220729828,0.00021391270274762064,0.0871763750910759
Direction C Hybrid,002/00000087,0.09624543786048889,0.00023008286370895803,0.08435837924480438
Direction C Hybrid,002/00000088,0.09321446716785431,0.00026341949705965817,0.09396658092737198
Direction C Hybrid,002/00000089,0.1081414744257927,0.0002654091513250023,0.09925138205289841
Direction C Hybrid,002/00000090,0.09596509486436844,0.0002725670055951923,0.09571564197540283
Direction C Hybrid,002/00000091,0.09312034398317337,0.0002397113130427897,0.08770710229873657
Direction C Hybrid,002/00000092,0.09428925812244415,0.0002174139954149723,0.08729710429906845
Direction C Hybrid,002/00000093,0.09567517787218094,0.00023034428886603564,0.09032057225704193
Direction C Hybrid,002/00000094,0.09693659842014313,0.0002468239690642804,0.09157112240791321
Direction C Hybrid,002/00000095,0.1023440882563591,0.0002652944531291723,0.09366676211357117
Direction C Hybrid,002/00000096,0.09199145436286926,0.00026568828616291285,0.08845358341932297
Direction C Hybrid,002/00000097,0.10759961605072021,0.0002738742623478174,0.09489757567644119
Direction C Hybrid,002/00000098,0.11008510738611221,0.00029063838883303106,0.10349781066179276
Direction C Hybrid,002/00000099,0.1154102310538292,0.0003103333874605596,0.10519848018884659
